nuts3,year,yield_tha
AT111,2018,
AT111,2019,11.108268737179797
AT111,2020,16.842272308124716
AT111,2021,9.14921145082301
AT111,2022,11.091456728924207
AT111,2023,9.42434961897598
AT121,2018,
AT121,2019,9.297884846329362
AT121,2020,17.136195702331683
AT121,2021,12.435327895280366
AT121,2022,17.62789613488225
AT121,2023,11.162314122864954
AT124,2018,
AT124,2019,15.523852229839653
AT124,2020,17.219907897273
AT124,2021,16.95017207378891
AT124,2022,16.464152118124282
AT124,2023,7.792109256327174
AT211,2018,
AT211,2019,19.122497060635908
AT211,2020,21.768153036406442
AT211,2021,18.23002036300668
AT211,2022,19.44335395485611
AT211,2023,20.505605392195264
AT212,2018,
AT212,2019,10.087133141727467
AT212,2020,7.554777272828671
AT212,2021,7.5372503338391175
AT212,2022,9.615327283009126
AT212,2023,8.150458614359145
AT213,2018,
AT213,2019,16.71549742714197
AT213,2020,18.460647517539442
AT213,2021,14.124791128504103
AT213,2022,17.683062479437854
AT213,2023,16.942093505246127
AT222,2018,
AT222,2019,9.6137398884919
AT222,2020,8.267796408432996
AT222,2021,7.514648298902928
AT222,2022,10.634119795661096
AT222,2023,9.089062600189646
AT223,2018,
AT223,2019,13.742013577769665
AT223,2020,13.95312602370705
AT223,2021,12.481415471788344
AT223,2022,14.94953510495251
AT223,2023,15.79891060929316
AT226,2018,
AT226,2019,9.633161287840231
AT226,2020,8.020203611503403
AT226,2021,7.624851864742162
AT226,2022,10.911832127569054
AT226,2023,8.613586480940194
AT314,2018,
AT314,2019,16.783860477082882
AT314,2020,17.901353253284096
AT314,2021,17.087371575414814
AT314,2022,18.511282445412625
AT314,2023,16.50439758465217
AT315,2018,
AT315,2019,15.240448525788368
AT315,2020,14.811308485376063
AT315,2021,14.688417747561191
AT315,2022,16.242487794077825
AT315,2023,15.453650967728027
AT321,2018,
AT321,2019,2.965248422465548
AT321,2020,1.233566393124494
AT321,2021,1.0442580040919422
AT321,2022,3.3804630145036443
AT321,2023,1.7788747031356518
AT322,2018,
AT322,2019,10.18506646991173
AT322,2020,9.324428734670226
AT322,2021,8.52263931794
AT322,2022,12.030975073375997
AT322,2023,9.428453404341802
AT323,2018,
AT323,2019,16.532739913062056
AT323,2020,17.752987210464067
AT323,2021,17.088909622235757
AT323,2022,18.164762617384927
AT323,2023,17.21923140613517
AT331,2018,
AT331,2019,0.9829999300370857
AT331,2020,0.3951891003438136
AT331,2021,0.37139010705822045
AT331,2022,0.9273717732067598
AT331,2023,1.2471742353089723
AT332,2018,
AT332,2019,5.427922591324271
AT332,2020,3.9257983913944727
AT332,2021,3.2749764849231897
AT332,2022,6.2134878723993205
AT332,2023,6.133858892902479
AT333,2018,
AT333,2019,1.1996402621537796
AT333,2020,0.5582705960251899
AT333,2021,0.504860986773783
AT333,2022,1.4125620697038135
AT333,2023,1.1953109135190014
AT334,2018,
AT334,2019,0.5793968756255649
AT334,2020,0.3138040136200513
AT334,2021,0.3123484119120591
AT334,2022,0.7218533581222623
AT334,2023,0.7512818812714129
AT335,2018,
AT335,2019,7.911677476514917
AT335,2020,5.747528493753157
AT335,2021,5.322801357024139
AT335,2022,8.507982112294936
AT335,2023,8.564886834065
AT341,2018,
AT341,2019,1.4869009261627355
AT341,2020,0.5984814516147811
AT341,2021,0.42652705182690376
AT341,2022,1.3319151675529792
AT341,2023,1.7727191759008472
AT342,2018,
AT342,2019,14.838030358103413
AT342,2020,16.401514084337666
AT342,2021,16.33698654134528
AT342,2022,15.390596138807712
AT342,2023,14.908523365825419
BG411,2018,
BG411,2019,7.8147882651719485
BG411,2020,12.123100306602218
BG411,2021,7.518133109631526
BG411,2022,10.833026443146307
BG411,2023,11.035253007627478
BG413,2018,
BG413,2019,5.657509161791851
BG413,2020,9.229954894640908
BG413,2021,2.172702443889732
BG413,2022,7.399945626431145
BG413,2023,4.949749833767682
BG423,2018,
BG423,2019,5.262738765665238
BG423,2020,7.0036920768597195
BG423,2021,2.114296229823813
BG423,2022,7.28128992571213
BG423,2023,5.266822219750293
BG424,2018,
BG424,2019,10.608083498989874
BG424,2020,9.68107163384831
BG424,2021,3.0987138033536974
BG424,2022,10.148181830753277
BG424,2023,5.99314893226158
DE139,2018,
DE139,2019,12.67420041973409
DE139,2020,11.118353056877979
DE139,2021,16.79831523123881
DE139,2022,10.555869766652973
DE139,2023,10.946682009324167
DE147,2018,
DE147,2019,18.053957874130074
DE147,2020,17.34682133010182
DE147,2021,19.415653848350054
DE147,2022,17.42288790323098
DE147,2023,11.660857994621256
DE148,2018,
DE148,2019,15.882096222746458
DE148,2020,17.364437781008654
DE148,2021,17.449931440120782
DE148,2022,16.76973989264362
DE148,2023,13.14911785318763
DE213,2018,
DE213,2019,16.016708530893023
DE213,2020,18.324305238572016
DE213,2021,17.883968907440376
DE213,2022,18.075474370027464
DE213,2023,15.1574276612374
DE215,2018,
DE215,2019,14.866872118883322
DE215,2020,15.16501140712939
DE215,2021,14.568733970477883
DE215,2022,16.175299198391084
DE215,2023,15.559400179096437
DE216,2018,
DE216,2019,13.947236550373656
DE216,2020,13.499133631424247
DE216,2021,13.893885111301245
DE216,2022,15.880801785927975
DE216,2023,14.397532340056726
DE218,2018,
DE218,2019,15.949884475499482
DE218,2020,15.798006873000762
DE218,2021,18.291764731339484
DE218,2022,15.3790126041207
DE218,2023,7.9511628069797515
DE21D,2018,
DE21D,2019,12.327182511182384
DE21D,2020,11.386828283016833
DE21D,2021,11.001203797978144
DE21D,2022,14.023915021140205
DE21D,2023,13.529098308268228
DE21F,2018,
DE21F,2019,13.38811340367967
DE21F,2020,11.595789093655654
DE21F,2021,11.827130935626396
DE21F,2022,14.143757282540962
DE21F,2023,13.870938887311643
DE21K,2018,
DE21K,2019,16.124685975375087
DE21K,2020,19.610783433179233
DE21K,2021,19.178827829436692
DE21K,2022,18.6758885873686
DE21K,2023,14.397249373337724
DE21L,2018,
DE21L,2019,16.076323453121134
DE21L,2020,14.645811915644572
DE21L,2021,18.068515214308682
DE21L,2022,15.439421662876788
DE21L,2023,8.79513573179926
DE21M,2018,
DE21M,2019,16.874814463869473
DE21M,2020,19.949835905764346
DE21M,2021,19.096843431699774
DE21M,2022,18.663142771352913
DE21M,2023,16.395404428523552
DE21N,2018,
DE21N,2019,14.767475169485756
DE21N,2020,15.038860964295326
DE21N,2021,16.46484125824982
DE21N,2022,16.968013502390008
DE21N,2023,13.671735229567863
DE225,2018,
DE225,2019,17.245865720220856
DE225,2020,17.295783495927186
DE225,2021,19.585071352410402
DE225,2022,18.137564849690957
DE225,2023,12.115866559407914
DE263,2018,
DE263,2019,8.572004364453555
DE263,2020,7.990638938542783
DE263,2021,16.156014389413116
DE263,2022,5.424751997623209
DE263,2023,3.947745895132647
DE272,2018,
DE272,2019,15.025347338490722
DE272,2020,15.760100137262956
DE272,2021,16.91360252763926
DE272,2022,17.294534874421014
DE272,2023,13.663837122751183
DE273,2018,
DE273,2019,14.168175014943289
DE273,2020,14.165318943899674
DE273,2021,14.908413510292926
DE273,2022,15.641953944039857
DE273,2023,14.1064917303171
DE27A,2018,
DE27A,2019,15.24842139613026
DE27A,2020,16.19821866369393
DE27A,2021,16.44555470486827
DE27A,2022,15.666791842024036
DE27A,2023,15.351332423008065
DE27B,2018,
DE27B,2019,14.140387098879645
DE27B,2020,14.206583416680237
DE27B,2021,15.408102530220193
DE27B,2022,16.119978676250053
DE27B,2023,13.882178738287093
DE27E,2018,
DE27E,2019,13.675955226056459
DE27E,2020,12.406321778046417
DE27E,2021,11.879552065874973
DE27E,2022,14.648704986309156
DE27E,2023,14.967585931147726
DE401,2018,
DE401,2019,6.309137960199126
DE401,2020,9.40787766877071
DE401,2021,8.84545524281136
DE401,2022,3.6306252563570576
DE401,2023,9.193396984529578
DE405,2018,
DE405,2019,5.814642539633395
DE405,2020,7.313372775433689
DE405,2021,9.42277041968194
DE405,2022,4.10700020497691
DE405,2023,6.471868662855841
DE406,2018,
DE406,2019,6.324334680567501
DE406,2020,3.241348321992733
DE406,2021,9.420980019456126
DE406,2022,4.2651286345640855
DE406,2023,6.491205301743191
DE407,2018,
DE407,2019,4.821735082250858
DE407,2020,6.313643664821897
DE407,2021,9.84284267561352
DE407,2022,6.347452737471692
DE407,2023,6.058678455784684
DE408,2018,
DE408,2019,5.293927575685679
DE408,2020,7.699736457508548
DE408,2021,8.598801906811998
DE408,2022,5.356140036495812
DE408,2023,10.153614152685723
DE40A,2018,
DE40A,2019,6.648332335174889
DE40A,2020,8.009692500943055
DE40A,2021,9.596008127303634
DE40A,2022,4.981857588179369
DE40A,2023,8.042028558869836
DE40B,2018,
DE40B,2019,5.551299450507261
DE40B,2020,6.8686143233046355
DE40B,2021,10.068125540512801
DE40B,2022,5.79840495714086
DE40B,2023,6.006062410264953
DE40C,2018,
DE40C,2019,6.828833673332031
DE40C,2020,6.22596981357047
DE40C,2021,8.724979054437926
DE40C,2022,4.405925407351517
DE40C,2023,4.904433003126222
DE40D,2018,
DE40D,2019,6.38733189017832
DE40D,2020,9.257305384490413
DE40D,2021,8.797728016154233
DE40D,2022,6.13441890625715
DE40D,2023,11.999822050233044
DE40E,2018,
DE40E,2019,4.8661701027955715
DE40E,2020,7.762382244700304
DE40E,2021,8.066617064970655
DE40E,2022,3.644782353935571
DE40E,2023,7.927548778810883
DE40F,2018,
DE40F,2019,8.97976415785592
DE40F,2020,8.35202845386061
DE40F,2021,10.29677077690314
DE40F,2022,8.461028233042581
DE40F,2023,13.96623838636907
DE40G,2018,
DE40G,2019,5.868424598165915
DE40G,2020,5.338749982568082
DE40G,2021,9.214691923367223
DE40G,2022,5.912529241991979
DE40G,2023,6.283306046460977
DE40H,2018,
DE40H,2019,5.032345549974507
DE40H,2020,5.78567892525115
DE40H,2021,6.4879049326243745
DE40H,2022,4.315439474582497
DE40H,2023,5.588517079518049
DE803,2018,
DE803,2019,9.816374176221746
DE803,2020,10.473221034102613
DE803,2021,12.376103813347651
DE803,2022,8.986793446094405
DE803,2023,15.254934601475345
DE80L,2018,
DE80L,2019,9.095014853872641
DE80L,2020,12.468268455659498
DE80L,2021,8.237859177412826
DE80L,2022,12.482722993041403
DE80L,2023,13.891865972314278
DE80M,2018,
DE80M,2019,9.091585132023162
DE80M,2020,9.52217598444777
DE80M,2021,12.994521004163811
DE80M,2022,5.745211724170719
DE80M,2023,13.122736642264595
DE937,2018,
DE937,2019,12.052000263591312
DE937,2020,12.85122666935737
DE937,2021,16.38220141403211
DE937,2022,10.515625386427194
DE937,2023,14.060909505694875
DE948,2018,
DE948,2019,9.346087608255155
DE948,2020,13.002704358574942
DE948,2021,17.92618967272001
DE948,2022,9.932056406097468
DE948,2023,14.242138062258388
DE949,2018,
DE949,2019,4.210892531697247
DE949,2020,11.743939285010205
DE949,2021,18.056735199771637
DE949,2022,9.220290329880314
DE949,2023,12.951031706402901
DE94B,2018,
DE94B,2019,5.594207992880716
DE94B,2020,11.579497415058558
DE94B,2021,17.969248442264274
DE94B,2022,9.307239841521744
DE94B,2023,12.756802131493718
DEA34,2018,
DEA34,2019,6.051891000964823
DEA34,2020,10.29199142082223
DEA34,2021,17.631234427444905
DEA34,2022,9.0416581850401
DEA34,2023,10.043341261202883
DEA37,2018,
DEA37,2019,5.089231288782638
DEA37,2020,10.236640377773456
DEA37,2021,16.422465563465344
DEA37,2022,7.608448300562983
DEA37,2023,11.664501728308137
DEA59,2018,
DEA59,2019,7.14034105528888
DEA59,2020,9.884821875918085
DEA59,2021,16.149290993671926
DEA59,2022,10.564597364733467
DEA59,2023,14.810199964677649
DEB3A,2018,
DEB3A,2019,4.474987385458236
DEB3A,2020,6.653299396018683
DEB3A,2021,15.430997347077371
DEB3A,2022,7.856793133321809
DEB3A,2023,3.0684581432620934
DEC05,2018,
DEC05,2019,4.5888799741687345
DEC05,2020,6.818285251675673
DEC05,2021,15.425572616478222
DEC05,2022,7.980637444934894
DEC05,2023,3.1190305433862937
DEE06,2018,
DEE06,2019,6.0500916280251085
DEE06,2020,9.758554159956308
DEE06,2021,9.207163755756458
DEE06,2022,1.2817726780730068
DEE06,2023,8.951220240170096
DEE0D,2018,
DEE0D,2019,8.616454357750005
DEE0D,2020,10.50075452734701
DEE0D,2021,8.733870857778445
DEE0D,2022,2.166913263570632
DEE0D,2023,11.51055530776949
DEE0E,2018,
DEE0E,2019,3.326224271857652
DEE0E,2020,8.49877949934228
DEE0E,2021,9.142497381900947
DEE0E,2022,4.897003912611866
DEE0E,2023,5.210803251491626
DEG03,2018,
DEG03,2019,4.650816941013429
DEG03,2020,7.973733375874145
DEG03,2021,13.020821256765336
DEG03,2022,3.2672737750518963
DEG03,2023,6.201016580700593
DK011,2018,
DK011,2019,10.415396238623853
DK011,2020,9.234548214276979
DK011,2021,12.07055502955189
DK011,2022,11.257735446041538
DK011,2023,17.120467776465702
DK014,2018,
DK014,2019,3.776606348288465
DK014,2020,6.080598078611208
DK014,2021,2.1862475517017574
DK014,2022,4.002805017855927
DK014,2023,10.26340386274668
DK032,2018,
DK032,2019,14.374492977828325
DK032,2020,12.452325059836964
DK032,2021,14.022692212466337
DK032,2022,10.706570822543528
DK032,2023,16.3472876677194
DK041,2018,
DK041,2019,12.115701072028513
DK041,2020,12.050553682399913
DK041,2021,11.950868365853148
DK041,2022,12.91375938298909
DK041,2023,13.638441708078302
EE001,2018,
EE001,2019,10.648916594693667
EE001,2020,13.887750113639646
EE001,2021,6.226879338193749
EE001,2022,8.887717928519848
EE001,2023,11.999356661277062
EE004,2018,
EE004,2019,12.343955473078447
EE004,2020,14.776924323474821
EE004,2021,2.739653284013063
EE004,2022,5.67331977336198
EE004,2023,12.332466346782766
EE006,2018,
EE006,2019,11.156243234105542
EE006,2020,13.960125817175232
EE006,2021,8.469849838967423
EE006,2022,9.782089260399827
EE006,2023,12.011561664562686
EE007,2018,
EE007,2019,11.068328325761708
EE007,2020,13.493220234351375
EE007,2021,7.992339606044838
EE007,2022,7.791295188038459
EE007,2023,12.394827677597492
EE008,2018,
EE008,2019,9.726550762632833
EE008,2020,13.997623808671557
EE008,2021,8.618570871819346
EE008,2022,8.107717646062019
EE008,2023,9.546116459130797
EL302,2018,
EL302,2019,2.0539292989820033
EL302,2020,0.8291437965574872
EL302,2021,1.2930767283158924
EL302,2022,0.7452152378044608
EL302,2023,2.0834173898362423
EL303,2018,
EL303,2019,1.2776589167457033
EL303,2020,0.5496917053041271
EL303,2021,1.5881978559825822
EL303,2022,0.7564629465450703
EL303,2023,4.181153445578513
EL304,2018,
EL304,2019,5.94011660967482
EL304,2020,2.8793480691571522
EL304,2021,1.9706991118963537
EL304,2022,1.3770741984244126
EL304,2023,2.83162437014586
EL306,2018,
EL306,2019,0.8429544262212523
EL306,2020,0.42091362085650114
EL306,2021,0.8379592732899686
EL306,2022,0.7567251871617487
EL306,2023,2.010302797664017
EL307,2018,
EL307,2019,6.535815889249972
EL307,2020,5.155772261740407
EL307,2021,2.3738818864932867
EL307,2022,1.6969459620583043
EL307,2023,2.5774262649800215
EL412,2018,
EL412,2019,5.989485415780568
EL412,2020,5.6323460596812085
EL412,2021,3.647375176933374
EL412,2022,0.6032860732040151
EL412,2023,7.93337094989449
EL413,2018,
EL413,2019,1.2515819691556744
EL413,2020,1.4853868122551732
EL413,2021,1.6097779540933175
EL413,2022,0.8376004055422711
EL413,2023,1.801262661641056
EL422,2018,
EL422,2019,6.729605105156305
EL422,2020,4.895459327158491
EL422,2021,3.320036987649326
EL422,2022,2.003448588045802
EL422,2023,2.308823061217831
EL432,2018,
EL432,2019,3.5651955138189013
EL432,2020,2.09097486668403
EL432,2021,1.5082637213039165
EL432,2022,0.8766642679936272
EL432,2023,1.2324320939044175
EL433,2018,
EL433,2019,0.9992330171366637
EL433,2020,0.7508342899782513
EL433,2021,0.7060345380251156
EL433,2022,0.4060066007030701
EL433,2023,3.157999378700097
EL434,2018,
EL434,2019,0.39609807522345986
EL434,2020,0.354762113815035
EL434,2021,0.368555670348129
EL434,2022,0.2849293254990633
EL434,2023,4.848257465315735
EL515,2018,
EL515,2019,3.151448279802857
EL515,2020,3.1858784769079804
EL515,2021,2.3067517718679182
EL515,2022,2.231355811947557
EL515,2023,4.586769164357373
EL532,2018,
EL532,2019,2.7817922903537755
EL532,2020,1.3115025393068807
EL532,2021,1.0119011171178955
EL532,2022,5.515906354617443
EL532,2023,7.347909729461079
EL541,2018,
EL541,2019,5.636028810942843
EL541,2020,4.511447154841297
EL541,2021,3.0846715294764206
EL541,2022,5.554556385748238
EL541,2023,12.328153427024965
EL542,2018,
EL542,2019,3.7648484176888295
EL542,2020,2.5175454000778825
EL542,2021,1.6023522738046712
EL542,2022,3.4269100150473166
EL542,2023,7.730814262716549
EL543,2018,
EL543,2019,3.624095970311534
EL543,2020,6.973395655049613
EL543,2021,1.678899122672364
EL543,2022,9.427691241597135
EL543,2023,7.514864177734828
EL621,2018,
EL621,2019,4.8885824837592775
EL621,2020,3.2709651127466013
EL621,2021,2.553498869811565
EL621,2022,2.595228618318757
EL621,2023,10.367455553328506
EL622,2018,
EL622,2019,11.814054131543552
EL622,2020,7.319478651788173
EL622,2021,4.362959362872093
EL622,2022,5.4523215425045874
EL622,2023,13.407829052837016
EL623,2018,
EL623,2019,3.5578988816673056
EL623,2020,0.8799726647128309
EL623,2021,0.6684665484640072
EL623,2022,1.1333605869316399
EL623,2023,4.819321034874161
EL624,2018,
EL624,2019,6.813811741465437
EL624,2020,3.085668264833491
EL624,2021,2.9759103318656024
EL624,2022,3.5577734499177485
EL624,2023,7.813889077512927
EL631,2018,
EL631,2019,5.230632748750522
EL631,2020,1.598959976554952
EL631,2021,2.823860665590848
EL631,2022,5.131348126794309
EL631,2023,10.870498661723712
EL632,2018,
EL632,2019,2.541667180195214
EL632,2020,0.5869828429063136
EL632,2021,2.279525840712168
EL632,2022,5.705037729480811
EL632,2023,9.057356690923395
EL641,2018,
EL641,2019,0.7303255416350707
EL641,2020,3.6691653652192873
EL641,2021,1.850484856682423
EL641,2022,1.068986279960022
EL641,2023,8.929778875537338
EL642,2018,
EL642,2019,0.5687072347472852
EL642,2020,2.3887609049336236
EL642,2021,1.5283140303829197
EL642,2022,1.081871828769622
EL642,2023,2.309262248535741
EL643,2018,
EL643,2019,5.732724166919341
EL643,2020,6.705377446923785
EL643,2021,2.373438666070154
EL643,2022,10.288982689354082
EL643,2023,7.9475301344998845
EL645,2018,
EL645,2019,7.066266387131499
EL645,2020,9.128046737629186
EL645,2021,2.602084779833557
EL645,2022,11.435305263890507
EL645,2023,13.981424113529654
EL651,2018,
EL651,2019,0.6000015774413756
EL651,2020,1.312703173106054
EL651,2021,2.022423988376546
EL651,2022,0.6234554069101421
EL651,2023,7.026985211035591
EL652,2018,
EL652,2019,0.5675416921372384
EL652,2020,0.5567310165774818
EL652,2021,0.9620420708230266
EL652,2022,0.8404889484479116
EL652,2023,2.45920382849927
EL653,2018,
EL653,2019,0.4929920735332191
EL653,2020,1.6797656403507462
EL653,2021,1.269617780925084
EL653,2022,2.480269861633563
EL653,2023,7.633651540364708
ES111,2018,
ES111,2019,6.827705372617762
ES111,2020,4.901838829218783
ES111,2021,6.0892677825262105
ES111,2022,10.485423614690609
ES111,2023,10.436709535852241
ES113,2018,
ES113,2019,2.6253120868804483
ES113,2020,1.3439619158561296
ES113,2021,2.85603746663361
ES113,2022,4.701427411875211
ES113,2023,7.397901486004913
ES114,2018,
ES114,2019,6.8976410683728995
ES114,2020,6.477856272978375
ES114,2021,6.196001263457742
ES114,2022,12.792629617429098
ES114,2023,12.585278801473507
ES120,2018,
ES120,2019,18.381552572525493
ES120,2020,14.985012937000137
ES120,2021,14.136771422548984
ES120,2022,18.78266966865212
ES120,2023,18.25809477580381
ES130,2018,
ES130,2019,18.48179885036063
ES130,2020,9.80619545708623
ES130,2021,16.80348226396158
ES130,2022,13.885295839151949
ES130,2023,17.416187787164173
ES212,2018,
ES212,2019,12.16346744819327
ES212,2020,9.778437045006784
ES212,2021,12.517541088844402
ES212,2022,11.016059919567887
ES212,2023,15.384119134384798
ES213,2018,
ES213,2019,13.70834000781289
ES213,2020,10.961558476754972
ES213,2021,14.229659943527912
ES213,2022,8.537200596165421
ES213,2023,14.260635510578409
ES241,2018,
ES241,2019,4.899015132441543
ES241,2020,11.338288957269455
ES241,2021,8.838429623701261
ES241,2022,2.456711654921188
ES241,2023,9.097899746630269
ES242,2018,
ES242,2019,0.2105858971501747
ES242,2020,1.8278680043644122
ES242,2021,1.6443926798900192
ES242,2022,0.7783476782877108
ES242,2023,3.7875336427255144
ES417,2018,
ES417,2019,0.30434623006975425
ES417,2020,1.804874799071567
ES417,2021,4.524585366328509
ES417,2022,0.5179820110249949
ES417,2023,0.3029019999080775
ES421,2018,
ES421,2019,0.7304890757248683
ES421,2020,1.6251000924854593
ES421,2021,5.684094729224386
ES421,2022,0.7890797678084362
ES421,2023,2.244514946397429
ES423,2018,
ES423,2019,0.29961923786290245
ES423,2020,1.3802136784953831
ES423,2021,2.680518667547695
ES423,2022,0.3337177702998149
ES423,2023,2.747480354123602
ES511,2018,
ES511,2019,7.939485344407774
ES511,2020,14.039519683401053
ES511,2021,1.199900400738526
ES511,2022,4.777641769984317
ES511,2023,12.328349459305565
ES513,2018,
ES513,2019,4.214163840038441
ES513,2020,11.678705825187734
ES513,2021,4.059857807055482
ES513,2022,2.4844861421501006
ES513,2023,7.89211035714356
ES514,2018,
ES514,2019,1.8713834828275426
ES514,2020,6.380426145867626
ES514,2021,1.923045055693422
ES514,2022,2.746639456821027
ES514,2023,1.0428299844116111
ES521,2018,
ES521,2019,1.2136663339364917
ES521,2020,8.391116989167648
ES521,2021,6.774915148610171
ES521,2022,1.6614971655538373
ES521,2023,4.602850923078888
ES522,2018,
ES522,2019,1.8755036843462747
ES522,2020,9.77795042943495
ES522,2021,3.400393660861643
ES522,2022,3.5261381511975705
ES522,2023,2.277360084356114
ES523,2018,
ES523,2019,1.8505886944101861
ES523,2020,6.8461682746880905
ES523,2021,6.582836299269117
ES523,2022,1.56533669925061
ES523,2023,2.210790739530035
ES531,2018,
ES531,2019,2.259584820003574
ES531,2020,4.861281327864462
ES531,2021,10.205496164164561
ES531,2022,11.033581400241921
ES531,2023,1.391996198971413
ES532,2018,
ES532,2019,2.211514696568828
ES532,2020,5.433775311493538
ES532,2021,3.2941293315255176
ES532,2022,2.4469061063185626
ES532,2023,2.111516018167359
ES533,2018,
ES533,2019,0.6751696069914687
ES533,2020,4.769296059822838
ES533,2021,2.3886474413481036
ES533,2022,4.8360247819027995
ES533,2023,1.267656360635768
ES614,2018,
ES614,2019,0.38117249034916845
ES614,2020,1.567734795609105
ES614,2021,2.444694593784489
ES614,2022,0.44983986732418196
ES614,2023,1.624956742061318
ES617,2018,
ES617,2019,2.0768054810005614
ES617,2020,7.385233612500558
ES617,2021,4.203746395654017
ES617,2022,4.1752861530605045
ES617,2023,1.4697480428079466
ES620,2018,
ES620,2019,1.6087475852827047
ES620,2020,5.1029795035303325
ES620,2021,6.2667050631710115
ES620,2022,2.0653106396791374
ES620,2023,1.9617244306910337
FI193,2018,
FI193,2019,4.948008837330772
FI193,2020,9.674613302420298
FI193,2021,6.887278090382147
FI193,2022,10.119216085586377
FI193,2023,11.346567538352925
FI194,2018,
FI194,2019,7.186614984242071
FI194,2020,10.305474833348715
FI194,2021,5.813494574256584
FI194,2022,10.494550361337078
FI194,2023,12.482170120689675
FI195,2018,
FI195,2019,7.571196733851961
FI195,2020,9.818228664738657
FI195,2021,6.477265818659244
FI195,2022,10.24296121212497
FI195,2023,12.420199020173746
FI196,2018,
FI196,2019,9.58291003808078
FI196,2020,10.99635819597399
FI196,2021,8.253488017364685
FI196,2022,11.679713423692737
FI196,2023,13.762505145290282
FI197,2018,
FI197,2019,9.224247180123989
FI197,2020,12.168696308783824
FI197,2021,6.673322398800434
FI197,2022,10.964970811857357
FI197,2023,12.481811715940712
FI1B1,2018,
FI1B1,2019,9.232482180079634
FI1B1,2020,10.944785504841162
FI1B1,2021,8.687165320358053
FI1B1,2022,6.674173650553932
FI1B1,2023,11.587296577233483
FI1C1,2018,
FI1C1,2019,10.883791964930515
FI1C1,2020,10.284362493471258
FI1C1,2021,7.258457840621596
FI1C1,2022,8.730254358723842
FI1C1,2023,11.39620221108761
FI1C2,2018,
FI1C2,2019,9.789387131962762
FI1C2,2020,11.321787873831564
FI1C2,2021,9.3716761475184
FI1C2,2022,9.189361980508842
FI1C2,2023,11.601683027451998
FI1C3,2018,
FI1C3,2019,9.768247034973312
FI1C3,2020,12.792842933090636
FI1C3,2021,9.503470336944781
FI1C3,2022,9.281814926186403
FI1C3,2023,10.977501320067446
FI1C4,2018,
FI1C4,2019,8.138068730231634
FI1C4,2020,11.881570889375471
FI1C4,2021,6.572434753901858
FI1C4,2022,5.0860768111885335
FI1C4,2023,12.464414774289944
FI1C5,2018,
FI1C5,2019,9.94809498586896
FI1C5,2020,14.096715676058059
FI1C5,2021,3.779045797200596
FI1C5,2022,7.62880837018296
FI1C5,2023,13.931758681769594
FI1D1,2018,
FI1D1,2019,7.877121706601947
FI1D1,2020,12.029161875754706
FI1D1,2021,7.983431413037457
FI1D1,2022,10.980867811636365
FI1D1,2023,12.920336990485971
FI1D2,2018,
FI1D2,2019,7.440004381794222
FI1D2,2020,11.422535344145773
FI1D2,2021,7.91092235055594
FI1D2,2022,11.038908517334221
FI1D2,2023,12.571104040130372
FI1D3,2018,
FI1D3,2019,9.79086408989014
FI1D3,2020,12.576360309742777
FI1D3,2021,6.3882575952276115
FI1D3,2022,11.903209740495326
FI1D3,2023,12.482575186728788
FI1D5,2018,
FI1D5,2019,5.230833975209684
FI1D5,2020,8.984881180185969
FI1D5,2021,4.917944392121225
FI1D5,2022,10.995231525124503
FI1D5,2023,11.35572724739662
FI1D7,2018,
FI1D7,2019,0.9416121333518457
FI1D7,2020,3.249223618315168
FI1D7,2021,3.399410050894983
FI1D7,2022,4.893962592856678
FI1D7,2023,3.9489304848486952
FI200,2018,
FI200,2019,9.272681449757636
FI200,2020,6.679981862482615
FI200,2021,4.188765870309406
FI200,2022,5.07483742799659
FI200,2023,10.462684671180021
HR031,2018,
HR031,2019,12.044305635478974
HR031,2020,15.872260898780448
HR031,2021,11.038190864024713
HR031,2022,4.29249336743954
HR031,2023,11.932335893943971
HR032,2018,
HR032,2019,14.831624483490103
HR032,2020,11.533204159056448
HR032,2021,8.711194840508695
HR032,2022,11.088909012435222
HR032,2023,16.02798772786161
HR033,2018,
HR033,2019,5.528372250232298
HR033,2020,7.546032892003317
HR033,2021,1.9398555347053499
HR033,2022,2.899697826478061
HR033,2023,6.563371878800685
HR034,2018,
HR034,2019,6.6829492257556895
HR034,2020,7.886336662374526
HR034,2021,1.4904000106793147
HR034,2022,1.2456918972211926
HR034,2023,7.339441049653278
HR035,2018,
HR035,2019,6.913899141442052
HR035,2020,8.782198058089689
HR035,2021,1.9415124449785928
HR035,2022,1.6556922270856393
HR035,2023,8.20943609249045
HR036,2018,
HR036,2019,5.7736977284213005
HR036,2020,12.04875737802407
HR036,2021,6.011314606553608
HR036,2022,2.250075866625536
HR036,2023,8.826138096028041
HR037,2018,
HR037,2019,13.80320951313779
HR037,2020,13.777480981115874
HR037,2021,5.359198960931315
HR037,2022,4.273534708551335
HR037,2023,12.03095662828189
ITC13,2018,
ITC13,2019,15.871125578307852
ITC13,2020,19.65593581088096
ITC13,2021,16.480578876932466
ITC13,2022,14.832258737971
ITC13,2023,18.67221586894284
ITC14,2018,
ITC14,2019,15.088530904056208
ITC14,2020,12.765210010741722
ITC14,2021,14.417378095407242
ITC14,2022,14.957254117254383
ITC14,2023,16.784364190449693
ITC20,2018,
ITC20,2019,7.455074112744549
ITC20,2020,4.250474906304753
ITC20,2021,2.816311115190376
ITC20,2022,9.643509696000667
ITC20,2023,6.660069981224351
ITC31,2018,
ITC31,2019,5.833117032110052
ITC31,2020,16.194593823592783
ITC31,2021,8.286896772452693
ITC31,2022,4.673889318390786
ITC31,2023,13.90034010434205
ITC32,2018,
ITC32,2019,4.8885326163762635
ITC32,2020,13.3906861127163
ITC32,2021,5.565315823092308
ITC32,2022,9.1892129205083
ITC32,2023,12.699374283432931
ITC33,2018,
ITC33,2019,5.669267624348511
ITC33,2020,11.441182055303807
ITC33,2021,7.616202200741264
ITC33,2022,6.7314075055837606
ITC33,2023,11.749216273189619
ITC34,2018,
ITC34,2019,4.388166478467005
ITC34,2020,10.567119137036334
ITC34,2021,3.8708697572466266
ITC34,2022,2.49075675560061
ITC34,2023,7.010615649837845
ITC41,2018,
ITC41,2019,16.517727789421283
ITC41,2020,12.480177735072182
ITC41,2021,12.383497663999224
ITC41,2022,17.00777632212444
ITC41,2023,18.692146386058624
ITC42,2018,
ITC42,2019,20.178338275755433
ITC42,2020,20.025354841572234
ITC42,2021,19.658888850917265
ITC42,2022,20.761532088628257
ITC42,2023,19.88186338922278
ITC43,2018,
ITC43,2019,19.32653342139203
ITC43,2020,19.319227143488337
ITC43,2021,20.572673761863914
ITC43,2022,19.295019733969582
ITC43,2023,19.32847583734554
ITC44,2018,
ITC44,2019,0.329580121230406
ITC44,2020,0.25171638599702817
ITC44,2021,0.22188492826584053
ITC44,2022,0.34974417185569157
ITC44,2023,0.33911877104651333
ITC46,2018,
ITC46,2019,21.884957961243213
ITC46,2020,24.24906630296431
ITC46,2021,22.939762499409117
ITC46,2022,21.581015075396092
ITC46,2023,21.868083598440617
ITC47,2018,
ITC47,2019,15.072084265003213
ITC47,2020,15.206873659235505
ITC47,2021,14.958357839782304
ITC47,2022,14.566485627904646
ITC47,2023,19.3722573643595
ITF11,2018,
ITF11,2019,4.922122448205038
ITF11,2020,3.9946085331237873
ITF11,2021,2.0945985259493294
ITF11,2022,4.710427639661298
ITF11,2023,5.419143374801133
ITF12,2018,
ITF12,2019,5.742869348482322
ITF12,2020,16.182108283169438
ITF12,2021,3.752076745127577
ITF12,2022,5.237482476658342
ITF12,2023,14.195871270727867
ITF21,2018,
ITF21,2019,5.039214602539276
ITF21,2020,6.408638270007759
ITF21,2021,4.7665080757302345
ITF21,2022,4.597869702746563
ITF21,2023,6.826527190778317
ITF48,2018,
ITF48,2019,8.06402761794982
ITF48,2020,4.990238422042489
ITF48,2021,0.9577511238578889
ITF48,2022,1.8790615399798878
ITF48,2023,9.486657309428873
ITF61,2018,
ITF61,2019,4.236967994814106
ITF61,2020,4.186018539297944
ITF61,2021,1.5838658108230816
ITF61,2022,2.753078841068772
ITF61,2023,10.614395477629898
ITF65,2018,
ITF65,2019,0.9139423598765911
ITF65,2020,4.885120827150369
ITF65,2021,0.780028714852039
ITF65,2022,1.9035395896175074
ITF65,2023,6.991988747988677
ITG12,2018,
ITG12,2019,4.685659616455843
ITG12,2020,3.0571293420928414
ITG12,2021,1.5130550021288849
ITG12,2022,1.7059301499757191
ITG12,2023,9.927475240575006
ITG13,2018,
ITG13,2019,1.1242144119914084
ITG13,2020,4.685637718238599
ITG13,2021,1.150210832687864
ITG13,2022,2.055080776621326
ITG13,2023,5.656676007468086
ITG2A,2018,
ITG2A,2019,1.2933080271378468
ITG2A,2020,5.615287073086599
ITG2A,2021,5.131810056397883
ITG2A,2022,0.8715053400053014
ITG2A,2023,8.802068543093228
ITH10,2018,
ITH10,2019,3.5508979245021344
ITH10,2020,3.0298962754698824
ITH10,2021,2.1283678951204257
ITH10,2022,4.583687971836798
ITH10,2023,2.865195705791367
ITH20,2018,
ITH20,2019,22.368519639027298
ITH20,2020,24.973481827261534
ITH20,2021,21.283893403444434
ITH20,2022,25.09229417556786
ITH20,2023,23.84908191952987
ITH32,2018,
ITH32,2019,15.737523699643091
ITH32,2020,20.011370699325525
ITH32,2021,14.668112717585577
ITH32,2022,14.39059323326802
ITH32,2023,19.52722107621939
ITH33,2018,
ITH33,2019,13.223715684284175
ITH33,2020,11.271315204769582
ITH33,2021,9.992258276073272
ITH33,2022,14.721286581274578
ITH33,2023,12.68111819312649
ITH41,2018,
ITH41,2019,15.554343609007411
ITH41,2020,22.754355077523286
ITH41,2021,19.179549154122775
ITH41,2022,20.87171872305843
ITH41,2023,22.21916000587315
ITH42,2018,
ITH42,2019,4.92155344158298
ITH42,2020,16.37992513791479
ITH42,2021,12.216029520038665
ITH42,2022,8.954491816027312
ITH42,2023,17.605718889545802
ITH43,2018,
ITH43,2019,6.292016829366693
ITH43,2020,13.343007237913898
ITH43,2021,7.559935459177403
ITH43,2022,2.94917447380274
ITH43,2023,11.000336673829425
ITH44,2018,
ITH44,2019,7.800235049340619
ITH44,2020,13.830411675614352
ITH44,2021,7.382108063884138
ITH44,2022,2.673388741140244
ITH44,2023,11.424883201444988
ITI11,2018,
ITI11,2019,7.965993294303182
ITI11,2020,14.073423052426216
ITI11,2021,8.85623765423416
ITI11,2022,8.050313681923798
ITI11,2023,12.646123660798144
ITI31,2018,
ITI31,2019,7.989236445382162
ITI31,2020,11.133471625548486
ITI31,2021,3.8568963237509553
ITI31,2022,5.1148707179593
ITI31,2023,15.04351598383249
ITI34,2018,
ITI34,2019,4.85619976172879
ITI34,2020,13.071283819712912
ITI34,2021,2.622303391487364
ITI34,2022,5.791410876175477
ITI34,2023,16.582229105118113
ITI42,2018,
ITI42,2019,2.1073843491437594
ITI42,2020,3.0753111759366285
ITI42,2021,1.9758392045074915
ITI42,2022,0.47460147830831345
ITI42,2023,6.761156393507981
LV005,2018,
LV005,2019,12.720770635780024
LV005,2020,9.420581848052898
LV005,2021,8.57569874746941
LV005,2022,10.681755357720357
LV005,2023,12.171360329197109
LV007,2018,
LV007,2019,11.773223527078489
LV007,2020,14.888699599639045
LV007,2021,5.8035042138676
LV007,2022,8.671634982730396
LV007,2023,9.453230648261192
LV008,2018,
LV008,2019,13.6221429264242
LV008,2020,12.464837130772652
LV008,2021,10.049795370228088
LV008,2022,8.978634065101417
LV008,2023,7.760281850107288
LV009,2018,
LV009,2019,13.618535450584048
LV009,2020,15.233199927187256
LV009,2021,8.057909649443308
LV009,2022,8.507665159548168
LV009,2023,10.24999644086247
MK001,2018,
MK001,2019,1.4371717437741554
MK001,2020,1.6764571906972734
MK001,2021,0.7374506616801941
MK001,2022,1.5297743047622274
MK001,2023,3.905042260348988
MK002,2018,
MK002,2019,4.51465393200905
MK002,2020,14.13783891377689
MK002,2021,2.1044924297996808
MK002,2022,12.269574314710932
MK002,2023,7.816717814621743
MK007,2018,
MK007,2019,3.4785426500108216
MK007,2020,2.169769721981034
MK007,2021,0.5543025387421654
MK007,2022,3.4119585986896537
MK007,2023,5.857599245455979
NL111,2018,
NL111,2019,11.604288628598411
NL111,2020,14.942853099718366
NL111,2021,17.82460973338454
NL111,2022,11.23712626342537
NL111,2023,14.76005976315658
NL131,2018,
NL131,2019,10.310702834717393
NL131,2020,14.335295242796343
NL131,2021,17.720079474595327
NL131,2022,8.346062404740886
NL131,2023,13.49224003919795
NL132,2018,
NL132,2019,8.882683362606803
NL132,2020,12.882737169664047
NL132,2021,17.76392678091374
NL132,2022,10.480025470875532
NL132,2023,13.998097879277475
NL133,2018,
NL133,2019,10.338253339165028
NL133,2020,14.19251029914388
NL133,2021,17.730892573851346
NL133,2022,8.183267204615623
NL133,2023,12.714591298737222
NL212,2018,
NL212,2019,11.246362298599216
NL212,2020,9.489520059074858
NL212,2021,17.920835279744164
NL212,2022,12.043102146042182
NL212,2023,11.762927682698926
NL213,2018,
NL213,2019,6.999753934389705
NL213,2020,9.239274373013238
NL213,2021,17.680993070922856
NL213,2022,9.24373876219577
NL213,2023,11.004729788485923
NL323,2018,
NL323,2019,12.393305637763177
NL323,2020,13.860761278773127
NL323,2021,15.846660089486752
NL323,2022,8.624384856510513
NL323,2023,9.996645093973463
NL324,2018,
NL324,2019,11.736409082604562
NL324,2020,13.53970579706302
NL324,2021,15.96488403898369
NL324,2022,7.629093453933929
NL324,2023,10.720360797833466
NL325,2018,
NL325,2019,12.190199021820243
NL325,2020,13.740621820284447
NL325,2021,15.885129325382989
NL325,2022,8.355870978346827
NL325,2023,9.881261976612787
PL218,2018,
PL218,2019,13.21942049437421
PL218,2020,15.437611981504782
PL218,2021,13.39580092484162
PL218,2022,12.308326180627576
PL218,2023,16.145718672521053
PL219,2018,
PL219,2019,16.304865399986575
PL219,2020,13.568557998879186
PL219,2021,14.374732963328189
PL219,2022,13.952630098176261
PL219,2023,15.909797688669393
PL411,2018,
PL411,2019,2.2502185860003623
PL411,2020,9.664400844783394
PL411,2021,12.101240295759185
PL411,2022,6.561657398239077
PL411,2023,10.258586160796707
PL414,2018,
PL414,2019,2.6196483286782333
PL414,2020,9.42380094028699
PL414,2021,8.778229261062599
PL414,2022,9.250066043773954
PL414,2023,6.544422170508496
PL416,2018,
PL416,2019,2.629805831098808
PL416,2020,9.384122912088591
PL416,2021,8.101745758286892
PL416,2022,11.89961255843021
PL416,2023,6.047305406608721
PL417,2018,
PL417,2019,3.4574305237412175
PL417,2020,10.009924240568752
PL417,2021,11.215145718199464
PL417,2022,8.888475932752511
PL417,2023,6.096645157821761
PL418,2018,
PL418,2019,3.5340035284706928
PL418,2020,10.912172855346201
PL418,2021,11.660359712747384
PL418,2022,7.5054913610820275
PL418,2023,6.248058640004254
PL427,2018,
PL427,2019,5.306461601121295
PL427,2020,9.160447185685964
PL427,2021,9.941674374196188
PL427,2022,6.04548250673792
PL427,2023,13.472547079897847
PL431,2018,
PL431,2019,6.96082137309721
PL431,2020,7.653204660344444
PL431,2021,8.944510017834437
PL431,2022,5.803967308459418
PL431,2023,6.478891346809523
PL617,2018,
PL617,2019,4.823486862169919
PL617,2020,10.981343234972305
PL617,2021,12.089454478579778
PL617,2022,8.194835221316746
PL617,2023,5.470236521503261
PL618,2018,
PL618,2019,7.016854188098867
PL618,2020,9.455937817591925
PL618,2021,12.544306681624564
PL618,2022,8.067924534964883
PL618,2023,11.8279465612902
PL619,2018,
PL619,2019,5.16533144877549
PL619,2020,10.66570696095907
PL619,2021,10.214626845827963
PL619,2022,10.376681308088992
PL619,2023,4.071349631362297
PL623,2018,
PL623,2019,9.67503918069313
PL623,2020,12.101798083505072
PL623,2021,12.340451927007834
PL623,2022,12.378319221814666
PL623,2023,10.393177909008271
PL637,2018,
PL637,2019,8.545406294935493
PL637,2020,10.778187421165494
PL637,2021,12.347627030594824
PL637,2022,9.25002606252687
PL637,2023,13.37048632291055
PT111,2018,
PT111,2019,7.377426690138328
PT111,2020,8.067170377202928
PT111,2021,5.08141445691702
PT111,2022,10.973483142686073
PT111,2023,11.727099093602247
PT11C,2018,
PT11C,2019,3.06754402781339
PT11C,2020,5.897074156872503
PT11C,2021,6.548295479878016
PT11C,2022,6.766885690934747
PT11C,2023,9.060267569108461
PT11D,2018,
PT11D,2019,0.4265863589925268
PT11D,2020,2.388500949188967
PT11D,2021,1.713401825202354
PT11D,2022,0.7150711864127545
PT11D,2023,3.3852322323243382
PT11E,2018,
PT11E,2019,0.6708998293484622
PT11E,2020,1.1540508096419044
PT11E,2021,2.106937794068338
PT11E,2022,0.6144928983393597
PT11E,2023,4.036556969508501
PT16B,2018,
PT16B,2019,4.281761490153181
PT16B,2020,9.296517752410766
PT16B,2021,7.5092330678611665
PT16B,2022,3.0770315351679964
PT16B,2023,1.8831543004613536
PT16D,2018,
PT16D,2019,4.233135665195079
PT16D,2020,9.634739163490977
PT16D,2021,9.45458614706435
PT16D,2022,3.6392561600845967
PT16D,2023,4.931470306134687
PT16H,2018,
PT16H,2019,1.6509895490265958
PT16H,2020,4.527682323119676
PT16H,2021,3.4505919803247465
PT16H,2022,1.1144446353343964
PT16H,2023,1.3154144309893787
PT16J,2018,
PT16J,2019,0.45286758280536915
PT16J,2020,1.1704444996989178
PT16J,2021,0.6838089923955682
PT16J,2022,0.5569397899432874
PT16J,2023,3.900642665882995
RO111,2018,
RO111,2019,10.967579306148494
RO111,2020,13.418080682127545
RO111,2021,4.397224574200211
RO111,2022,5.405867536732247
RO111,2023,16.001494352179833
RO112,2018,
RO112,2019,6.506365966664503
RO112,2020,14.723112641663182
RO112,2021,9.566163597942271
RO112,2022,7.927328728808915
RO112,2023,10.509644760694409
RO113,2018,
RO113,2019,7.029655932327425
RO113,2020,15.365328783289067
RO113,2021,10.439426865261666
RO113,2022,11.65575981598116
RO113,2023,14.956665265619213
RO114,2018,
RO114,2019,13.23334908974858
RO114,2020,16.499417770044452
RO114,2021,13.670643805470116
RO114,2022,5.994515648610504
RO114,2023,19.65120564909585
RO121,2018,
RO121,2019,13.333782538835283
RO121,2020,13.187480174917662
RO121,2021,11.375615499273316
RO121,2022,12.876589220344915
RO121,2023,13.831204622369892
RO122,2018,
RO122,2019,8.004550071132885
RO122,2020,12.190372906510209
RO122,2021,7.844861019213621
RO122,2022,10.59368083580989
RO122,2023,11.457961235531377
RO123,2018,
RO123,2019,10.562849695436297
RO123,2020,13.176425709317408
RO123,2021,7.052371492953412
RO123,2022,9.960886460023325
RO123,2023,6.537925155181228
RO124,2018,
RO124,2019,9.810818375796183
RO124,2020,11.716334747938367
RO124,2021,5.502308584111894
RO124,2022,12.551117270095725
RO124,2023,11.916406858947338
RO125,2018,
RO125,2019,5.452911671709626
RO125,2020,11.465097956552173
RO125,2021,8.20830503806385
RO125,2022,9.903387182548009
RO125,2023,8.758376162075393
RO126,2018,
RO126,2019,12.697130775096946
RO126,2020,17.61549307429664
RO126,2021,13.763011954962547
RO126,2022,15.394391731426701
RO126,2023,19.445016743061213
RO211,2018,
RO211,2019,10.447676788434844
RO211,2020,11.64508285673626
RO211,2021,11.317477931429423
RO211,2022,8.661079210644267
RO211,2023,4.373813091861971
RO212,2018,
RO212,2019,8.623507856623931
RO212,2020,12.036322205949451
RO212,2021,11.613270273393013
RO212,2022,1.9062924611634517
RO212,2023,3.064398891619312
RO213,2018,
RO213,2019,9.148674925399268
RO213,2020,9.339107221303083
RO213,2021,13.027841128943251
RO213,2022,0.9652719990103925
RO213,2023,2.845416771928273
RO214,2018,
RO214,2019,11.470789443700458
RO214,2020,12.286781536390944
RO214,2021,12.630557831984792
RO214,2022,9.856454060055395
RO214,2023,7.328966559975717
RO215,2018,
RO215,2019,15.459961415909786
RO215,2020,15.085591860027623
RO215,2021,10.896760631210327
RO215,2022,15.6971158827289
RO215,2023,15.736292784623396
RO222,2018,
RO222,2019,10.293665144718787
RO222,2020,9.27010018325996
RO222,2021,10.187362502458587
RO222,2022,5.130069295504229
RO222,2023,2.398743519602552
RO226,2018,
RO226,2019,10.7076236666078
RO226,2020,7.698549411073116
RO226,2021,7.5726137607728194
RO226,2022,4.5254923345461355
RO226,2023,6.520999756813429
RO311,2018,
RO311,2019,12.772137556257043
RO311,2020,12.045374580247874
RO311,2021,8.865322748497267
RO311,2022,13.923315736840324
RO311,2023,11.50922906288842
RO314,2018,
RO314,2019,10.653801181586601
RO314,2020,7.249607393058794
RO314,2021,8.493537170896863
RO314,2022,3.826927856374661
RO314,2023,3.320118110831334
RO316,2018,
RO316,2019,10.511884154849785
RO316,2020,12.149713697729622
RO316,2021,9.940100960293709
RO316,2022,9.325146006880862
RO316,2023,4.4569626358600525
RO317,2018,
RO317,2019,10.528632266449236
RO317,2020,7.541847427893664
RO317,2021,10.154882068276306
RO317,2022,2.7766526699779908
RO317,2023,4.090923652347731
RO322,2018,
RO322,2019,9.950667551111884
RO322,2020,8.47588230953789
RO322,2021,9.415614068573289
RO322,2022,2.969452156573104
RO322,2023,1.8334897109909085
RO412,2018,
RO412,2019,6.589568413961386
RO412,2020,9.431277028603885
RO412,2021,4.410369197060358
RO412,2022,6.601791024295638
RO412,2023,9.473049884703368
RO415,2018,
RO415,2019,14.784239954280038
RO415,2020,13.048181228431563
RO415,2021,12.482447130049492
RO415,2022,12.835206881208594
RO415,2023,15.17056970438451
RO422,2018,
RO422,2019,9.691546084155576
RO422,2020,13.213176381204416
RO422,2021,6.205884618147456
RO422,2022,1.7373170305455554
RO422,2023,15.90889175613431
RO423,2018,
RO423,2019,7.150939527300898
RO423,2020,14.202729076312893
RO423,2021,7.258472925386996
RO423,2022,6.517494069497113
RO423,2023,15.809589121902071
RO424,2018,
RO424,2019,10.848880515913015
RO424,2020,13.796242701122038
RO424,2021,5.0441218403619335
RO424,2022,3.854760761007542
RO424,2023,16.86967833533573
RS122,2018,
RS122,2019,11.131191596812368
RS122,2020,15.135668518952832
RS122,2021,4.631116955001233
RS122,2022,1.657755470567006
RS122,2023,13.162939608737902
RS126,2018,
RS126,2019,11.839099457087865
RS126,2020,9.268560241541621
RS126,2021,4.60250669990986
RS126,2022,2.96488248798754
RS126,2023,13.334380057311696
RS226,2018,
RS226,2019,7.50234358359037
RS226,2020,14.459863017062714
RS226,2021,5.673005309408595
RS226,2022,11.903463523436816
RS226,2023,13.540036954345108
RS228,2018,
RS228,2019,8.03429389588641
RS228,2020,12.133772637165329
RS228,2021,3.998283939591475
RS228,2022,10.637184919234347
RS228,2023,6.354853346992628
SE121,2018,
SE121,2019,12.25025847058039
SE121,2020,7.980448787689529
SE121,2021,12.248944899271534
SE121,2022,10.770692960559321
SE121,2023,12.846197017519495
SE122,2018,
SE122,2019,11.307773966961854
SE122,2020,10.619295016976606
SE122,2021,11.85201807090733
SE122,2022,11.119908621806669
SE122,2023,12.555045857548578
SE124,2018,
SE124,2019,13.541057596334944
SE124,2020,12.385883671736408
SE124,2021,13.007588475125765
SE124,2022,13.352174103486337
SE124,2023,14.64562009411399
SE125,2018,
SE125,2019,10.513519233481844
SE125,2020,9.500652515992234
SE125,2021,11.776524260349163
SE125,2022,12.057922921277292
SE125,2023,12.38316765665207
SE211,2018,
SE211,2019,12.60349034509379
SE211,2020,8.857799212296133
SE211,2021,12.29991216575968
SE211,2022,6.506727935450506
SE211,2023,13.902569838329683
SE212,2018,
SE212,2019,12.46202145631105
SE212,2020,11.400280758773127
SE212,2021,13.688454406975346
SE212,2022,6.428075266087502
SE212,2023,14.036297586395406
SE232,2018,
SE232,2019,13.243132720876147
SE232,2020,12.033557981284853
SE232,2021,11.930917908555694
SE232,2022,11.533411014867964
SE232,2023,15.96309093114177
SE311,2018,
SE311,2019,11.231171740916555
SE311,2020,11.031295194973291
SE311,2021,12.547967247086827
SE311,2022,12.925322541165245
SE311,2023,14.740211686012787
SE312,2018,
SE312,2019,7.7255839885801505
SE312,2020,6.816013689069376
SE312,2021,10.098351696065489
SE312,2022,9.348664141541263
SE312,2023,11.116134247655934
SE313,2018,
SE313,2019,11.986053627272467
SE313,2020,9.459359213452773
SE313,2021,10.575075422467123
SE313,2022,12.434742723532676
SE313,2023,10.49357523163817
SE321,2018,
SE321,2019,7.154992275232451
SE321,2020,6.790524789768095
SE321,2021,7.679664662800222
SE321,2022,9.332066857138463
SE321,2023,5.901556447663279
SE322,2018,
SE322,2019,6.20500656175904
SE322,2020,7.369071926750874
SE322,2021,8.02869231584161
SE322,2022,7.555853580594956
SE322,2023,10.446028635269261
SE331,2018,
SE331,2019,4.2518955417563955
SE331,2020,4.226508529745395
SE331,2021,5.062622835016048
SE331,2022,4.957893946442028
SE331,2023,6.016707506207151
SE332,2018,
SE332,2019,1.3949982290516165
SE332,2020,1.9368575447294836
SE332,2021,1.6723245046151696
SE332,2022,1.9506292810860781
SE332,2023,3.120808684506395
SI033,2018,
SI033,2019,20.080868772823035
SI033,2020,20.07708468581258
SI033,2021,12.01124259298536
SI033,2022,17.56709015200797
SI033,2023,19.739010827437607
SI035,2018,
SI035,2019,18.12763330316437
SI035,2020,19.518306386090313
SI035,2021,11.179541049588698
SI035,2022,14.404506247717396
SI035,2023,18.09468023228147
SI038,2018,
SI038,2019,12.600117003674987
SI038,2020,15.054627690115119
SI038,2021,13.06826107398279
SI038,2022,8.681993043846328
SI038,2023,16.01851818888854
SI041,2018,
SI041,2019,16.400616411430317
SI041,2020,18.87382559051065
SI041,2021,11.77420589302517
SI041,2022,10.62935627560296
SI041,2023,18.121404376052226
SI042,2018,
SI042,2019,18.54918645502167
SI042,2020,19.402811133616066
SI042,2021,16.73139044171603
SI042,2022,18.139280570880043
SI042,2023,19.424631629461285
SI043,2018,
SI043,2019,18.131250638603554
SI043,2020,21.56733294811763
SI043,2021,16.83742643372834
SI043,2022,16.875906571172827
SI043,2023,20.431496136186535
SI044,2018,
SI044,2019,5.0285362073619435
SI044,2020,13.068622195457534
SI044,2021,6.2452179032266075
SI044,2022,2.783889095293187
SI044,2023,12.106191523288528
SK022,2018,
SK022,2019,9.665929769521755
SK022,2020,16.376886726263308
SK022,2021,6.965012275561452
SK022,2022,8.755433923268367
SK022,2023,12.397201296695025
SK031,2018,
SK031,2019,14.798914130067343
SK031,2020,14.058056772755375
SK031,2021,11.985015479574326
SK031,2022,10.719816799191127
SK031,2023,14.152331198678567
SK032,2018,
SK032,2019,9.76365844686386
SK032,2020,16.95858535425485
SK032,2021,11.63846359508917
SK032,2022,1.4682712567317309
SK032,2023,12.94654392094802
SK041,2018,
SK041,2019,9.569707417861308
SK041,2020,15.800812919977119
SK041,2021,13.83906676250072
SK041,2022,6.490366585987322
SK041,2023,16.405275033130124
SK042,2018,
SK042,2019,12.229610756216621
SK042,2020,17.70839557210232
SK042,2021,9.30424098414791
SK042,2022,2.1248206459144034
SK042,2023,19.30670717669963
UKC12,2018,
UKC12,2019,11.529592601379877
UKC12,2020,10.389629620116809
UKC12,2021,10.877640957142912
UKC12,2022,4.8401790977256205
UKC12,2023,14.206225773968516
UKC14,2018,
UKC14,2019,10.789697411655638
UKC14,2020,8.416510496675706
UKC14,2021,9.375133929321233
UKC14,2022,6.197230471082921
UKC14,2023,12.40309215903523
UKC21,2018,
UKC21,2019,9.431337247706164
UKC21,2020,8.685700495339844
UKC21,2021,9.777953679703645
UKC21,2022,8.603929277334853
UKC21,2023,10.763651565872152
UKD11,2018,
UKD11,2019,9.306847682922934
UKD11,2020,8.203284911438264
UKD11,2021,8.898374044281226
UKD11,2022,9.512827173187308
UKD11,2023,12.039790615587286
UKD12,2018,
UKD12,2019,9.960021934777547
UKD12,2020,8.905107278797601
UKD12,2021,9.17401918120252
UKD12,2022,9.87992245285349
UKD12,2023,11.488633958881206
UKD33,2018,
UKD33,2019,12.51191078103488
UKD33,2020,13.3062749663206
UKD33,2021,11.827099444769665
UKD33,2022,10.016247695392542
UKD33,2023,15.250871415333961
UKD35,2018,
UKD35,2019,12.353395641587742
UKD35,2020,11.879415640829539
UKD35,2021,11.398070523391416
UKD35,2022,9.850566873592484
UKD35,2023,13.84019900513716
UKD37,2018,
UKD37,2019,11.7095710379425
UKD37,2020,11.298228757655714
UKD37,2021,10.316694694045106
UKD37,2022,10.600599534991717
UKD37,2023,13.943178576660815
UKD41,2018,
UKD41,2019,12.517159946162957
UKD41,2020,12.51071894248614
UKD41,2021,11.243103951392676
UKD41,2022,11.742864505137536
UKD41,2023,14.980997908150762
UKD42,2018,
UKD42,2019,15.954304643121764
UKD42,2020,17.714805489307444
UKD42,2021,14.57125130326425
UKD42,2022,15.58484232637937
UKD42,2023,17.58104687566339
UKD44,2018,
UKD44,2019,12.635328374358494
UKD44,2020,11.898765318958826
UKD44,2021,11.384069371827318
UKD44,2022,12.549876545160279
UKD44,2023,14.92223174680839
UKD45,2018,
UKD45,2019,12.159753173427024
UKD45,2020,11.53962047602647
UKD45,2021,10.949200563188427
UKD45,2022,11.870223925169856
UKD45,2023,14.108717408597432
UKD46,2018,
UKD46,2019,10.091750278261204
UKD46,2020,9.670310671606476
UKD46,2021,9.304637778534394
UKD46,2022,9.412433033058946
UKD46,2023,12.531263544292305
UKD73,2018,
UKD73,2019,15.87179824895408
UKD73,2020,17.925700948341756
UKD73,2021,15.068808532153467
UKD73,2022,13.556802805926301
UKD73,2023,17.75388331553434
UKE32,2018,
UKE32,2019,11.992163800254712
UKE32,2020,9.743119655162985
UKE32,2021,10.649436564364965
UKE32,2022,9.01193800750025
UKE32,2023,12.973674646001289
UKE41,2018,
UKE41,2019,11.017973247894494
UKE41,2020,10.400463286705817
UKE41,2021,10.004800981186952
UKE41,2022,9.820857987349493
UKE41,2023,13.39016775572104
UKE44,2018,
UKE44,2019,11.056380838956605
UKE44,2020,10.444378053096266
UKE44,2021,10.026517784333398
UKE44,2022,9.832801938658038
UKE44,2023,13.4193819874873
UKE45,2018,
UKE45,2019,10.494782575835167
UKE45,2020,11.026231250534977
UKE45,2021,12.295705112322393
UKE45,2022,7.588496072151176
UKE45,2023,13.197825284482402
UKF12,2018,
UKF12,2019,11.167958926771025
UKF12,2020,10.082774773961313
UKF12,2021,11.737651132750152
UKF12,2022,6.178326900981394
UKF12,2023,13.271830134059575
UKF13,2018,
UKF13,2019,11.182620371015808
UKF13,2020,9.590754441293432
UKF13,2021,10.89598687838697
UKF13,2022,7.870750059353164
UKF13,2023,13.261584634748193
UKJ21,2018,
UKJ21,2019,9.472761745214486
UKJ21,2020,1.4323227969717744
UKJ21,2021,15.820385520060375
UKJ21,2022,10.323741240733035
UKJ21,2023,9.490510157765732
UKJ26,2018,
UKJ26,2019,8.611151092887795
UKJ26,2020,5.882098792704722
UKJ26,2021,14.697721518526075
UKJ26,2022,4.517687995631596
UKJ26,2023,8.134216477142743
UKJ28,2018,
UKJ28,2019,8.597330547563903
UKJ28,2020,2.848459869039137
UKJ28,2021,14.417929117153617
UKJ28,2022,5.501902586840507
UKJ28,2023,7.721535225305183
UKK30,2018,
UKK30,2019,10.365227103184571
UKK30,2020,10.76109848453772
UKK30,2021,15.683996431445092
UKK30,2022,6.4631889727087675
UKK30,2023,12.546860837286436
UKK41,2018,
UKK41,2019,10.188384447488907
UKK41,2020,12.196708698246054
UKK41,2021,16.053736517900326
UKK41,2022,9.005266201699698
UKK41,2023,8.978811439577777
UKK42,2018,
UKK42,2019,9.189379482331018
UKK42,2020,11.622707387158428
UKK42,2021,15.28388673324063
UKK42,2022,8.776002057850281
UKK42,2023,6.61778393708292
UKK43,2018,
UKK43,2019,9.652386328453106
UKK43,2020,9.350293400128267
UKK43,2021,14.04752366074975
UKK43,2022,8.190998328407582
UKK43,2023,13.552217871926478
UKL11,2018,
UKL11,2019,13.20806122187344
UKL11,2020,17.77335591385748
UKL11,2021,11.565106669170952
UKL11,2022,7.337957612470001
UKL11,2023,14.22298017093411
UKL12,2018,
UKL12,2019,12.077357920004978
UKL12,2020,12.051706084666487
UKL12,2021,10.533895804473302
UKL12,2022,10.15355786804824
UKL12,2023,15.804796834279143
UKL13,2018,
UKL13,2019,10.507087533520066
UKL13,2020,10.287552796582151
UKL13,2021,9.74985626192746
UKL13,2022,7.235347929936239
UKL13,2023,13.759840228282265
UKL14,2018,
UKL14,2019,13.02018392971986
UKL14,2020,12.884193431046311
UKL14,2021,11.475064837670233
UKL14,2022,8.731129771810538
UKL14,2023,16.693811103807764
UKL15,2018,
UKL15,2019,11.674408994879533
UKL15,2020,9.576578312634043
UKL15,2021,10.634949642263546
UKL15,2022,7.453813372529084
UKL15,2023,14.674963976849106
UKL16,2018,
UKL16,2019,10.348447190037255
UKL16,2020,9.281534161967798
UKL16,2021,11.419756675216217
UKL16,2022,6.780031315157101
UKL16,2023,15.47836104655574
UKL17,2018,
UKL17,2019,11.797946133084272
UKL17,2020,13.702045436874446
UKL17,2021,14.081432802818233
UKL17,2022,10.985018705291782
UKL17,2023,13.902161350126587
UKL18,2018,
UKL18,2019,15.022002339017398
UKL18,2020,18.86033671216748
UKL18,2021,16.157855098993515
UKL18,2022,15.262851524102755
UKL18,2023,9.80613838903827
UKL21,2018,
UKL21,2019,8.07652339994397
UKL21,2020,9.293570714658241
UKL21,2021,13.326915219375223
UKL21,2022,4.547487646943533
UKL21,2023,15.941996576238095
UKL22,2018,
UKL22,2019,12.964288393869086
UKL22,2020,12.830361228489325
UKL22,2021,15.800436000530686
UKL22,2022,9.832644504585701
UKL22,2023,14.104254739482013
UKL24,2018,
UKL24,2019,9.328133462221016
UKL24,2020,8.274846017984801
UKL24,2021,9.00192720825774
UKL24,2022,7.240168671780955
UKL24,2023,11.573160248642642
UKM50,2018,
UKM50,2019,7.0367541663459106
UKM50,2020,6.061012569659809
UKM50,2021,7.553304271977482
UKM50,2022,7.364470945776151
UKM50,2023,7.776749769090089
UKM61,2018,
UKM61,2019,4.921355506889618
UKM61,2020,4.759135312064649
UKM61,2021,6.025842810098101
UKM61,2022,5.87337255770175
UKM61,2023,7.486852137931395
UKM62,2018,
UKM62,2019,1.7169622104061655
UKM62,2020,1.4101055455670721
UKM62,2021,3.1847325532607975
UKM62,2022,2.8110480795594777
UKM62,2023,3.4420786424703773
UKM63,2018,
UKM63,2019,8.664883992610008
UKM63,2020,7.487115337083179
UKM63,2021,8.748028290393268
UKM63,2022,9.847254142364383
UKM63,2023,12.423006616327914
UKM64,2018,
UKM64,2019,7.929461537373745
UKM64,2020,6.700358005743532
UKM64,2021,8.19986372733708
UKM64,2022,9.015506625618055
UKM64,2023,11.673637429642822
UKM65,2018,
UKM65,2019,7.221455973665193
UKM65,2020,5.8343221924711175
UKM65,2021,5.184650150189799
UKM65,2022,8.918920224442967
UKM65,2023,8.324243355919773
UKM66,2018,
UKM66,2019,4.1201554285862665
UKM66,2020,3.6732087871992634
UKM66,2021,3.3300062816863485
UKM66,2022,4.9062635213847
UKM66,2023,5.90889237254047
AL111,2018,
AL111,2019,6.8573695686363285
AL111,2020,5.727540024901731
AL111,2021,3.097336103117178
AL111,2022,2.023110440461429
AL111,2023,11.110523298290634
BA111,2018,
BA111,2019,15.854486631190284
BA111,2020,17.513300911863663
BA111,2021,10.470426186224808
BA111,2022,13.624121060434799
BA111,2023,14.15302886120065
BE336,2018,
BE336,2019,9.798140668997114
BE336,2020,8.247652798700049
BE336,2021,14.416412915768973
BE336,2022,7.304376467306904
BE336,2023,13.23021400477821
CZ041,2018,
CZ041,2019,7.911999167635043
CZ041,2020,9.917263538817027
CZ041,2021,15.163772026476153
CZ041,2022,7.487245160200501
CZ041,2023,8.683579260542553
DE132,2018,
DE132,2019,11.790157630008665
DE132,2020,10.02794796017187
DE132,2021,14.972851813477606
DE132,2022,9.971400304620643
DE132,2023,12.85826056105543
DE136,2018,
DE136,2019,13.654296680746679
DE136,2020,13.315743486717569
DE136,2021,14.86972168742379
DE136,2022,12.508347639617503
DE136,2023,17.526706226689807
DE137,2018,
DE137,2019,11.950199583339765
DE137,2020,11.173784925028766
DE137,2021,14.700035552652917
DE137,2022,10.729880776224418
DE137,2023,13.917580982210545
DE141,2018,
DE141,2019,12.685647217514175
DE141,2020,13.052601657520094
DE141,2021,15.951045944974314
DE141,2022,11.991432699001376
DE141,2023,15.174095945322515
DE143,2018,
DE143,2019,13.684647467418031
DE143,2020,12.40576623369726
DE143,2021,16.93431834059089
DE143,2022,11.732052264696842
DE143,2023,12.20250017713464
DE249,2018,
DE249,2019,8.641343798167687
DE249,2020,9.513360378684535
DE249,2021,15.063089934245593
DE249,2022,5.889014569183149
DE249,2023,7.960960878331805
DE24D,2018,
DE24D,2019,5.098433035782336
DE24D,2020,10.174519377327886
DE24D,2021,14.193106065261661
DE24D,2022,2.578879470456234
DE24D,2023,3.092680221256047
DEA2D,2018,
DEA2D,2019,10.838536779503077
DEA2D,2020,9.044598233279576
DEA2D,2021,17.55300787718127
DEA2D,2022,10.198430747166974
DEA2D,2023,12.911798838609364
DEA57,2018,
DEA57,2019,9.415012131759061
DEA57,2020,10.606248289351079
DEA57,2021,14.754762351110687
DEA57,2022,9.180905475122083
DEA57,2023,13.42977744279136
DEA5A,2018,
DEA5A,2019,7.852398418799896
DEA5A,2020,8.380206711583083
DEA5A,2021,16.134843684710454
DEA5A,2022,8.45931683655955
DEA5A,2023,13.089819735681951
DED42,2018,
DED42,2019,11.83286376414433
DED42,2020,12.928232527893618
DED42,2021,16.370907183356845
DED42,2022,9.301170302597635
DED42,2023,14.228467251645998
DEG04,2018,
DEG04,2019,8.760937022782393
DEG04,2020,9.741898151420875
DEG04,2021,14.436525083414507
DEG04,2022,4.7869166274369945
DEG04,2023,10.797959259889211
EL305,2018,
EL305,2019,1.4802470513614252
EL305,2020,0.586975060968615
EL305,2021,1.64844089288521
EL305,2022,0.7665131588157403
EL305,2023,3.8513993356818363
EL521,2018,
EL521,2019,5.941548158345242
EL521,2020,6.782716565382626
EL521,2021,3.921784475263825
EL521,2022,6.273052654041629
EL521,2023,10.916589471874513
EL522,2018,
EL522,2019,11.118051459964239
EL522,2020,6.518141352524594
EL522,2021,3.896690485946189
EL522,2022,8.58205318869563
EL522,2023,12.515390564804768
EL523,2018,
EL523,2019,2.923056021302279
EL523,2020,1.8899139998701409
EL523,2021,0.9535147363530987
EL523,2022,4.588558360812071
EL523,2023,6.01139652795833
EL524,2018,
EL524,2019,3.8427140040713006
EL524,2020,3.151054741668949
EL524,2021,4.388162976617188
EL524,2022,7.001864473139936
EL524,2023,11.721620186525387
EL525,2018,
EL525,2019,12.757608202092051
EL525,2020,13.973333620588381
EL525,2021,6.559993304766827
EL525,2022,10.779961268268133
EL525,2023,13.25760010293346
EL612,2018,
EL612,2019,1.4444562958955582
EL612,2020,4.347060756522956
EL612,2021,1.1842305205717707
EL612,2022,4.744812887238275
EL612,2023,5.834733025101921
ELZZZ,2018,
ELZZZ,2019,1.340087435867139
ELZZZ,2020,1.4505140268451537
ELZZZ,2021,3.345105519411507
ELZZZ,2022,1.1972150457318496
ELZZZ,2023,3.5742085382060513
ES243,2018,
ES243,2019,0.8187159894565595
ES243,2020,4.918290914388716
ES243,2021,0.670458715486125
ES243,2022,0.9638748050350588
ES243,2023,0.3651725593085221
ES300,2018,
ES300,2019,0.37589272750632724
ES300,2020,1.035309895801564
ES300,2021,0.46952949369140706
ES300,2022,0.5821791266485331
ES300,2023,2.0185651297387106
ES411,2018,
ES411,2019,0.20429926585679437
ES411,2020,0.4438077194754066
ES411,2021,1.2162809873015972
ES411,2022,0.31209807423888203
ES411,2023,3.7803674141199246
ES413,2018,
ES413,2019,1.2121030033193734
ES413,2020,0.5815304605940546
ES413,2021,1.5594886957443606
ES413,2022,0.516578783258945
ES413,2023,3.523450292557673
ES415,2018,
ES415,2019,0.293054222128957
ES415,2020,1.0303540706652345
ES415,2021,1.7565521835195959
ES415,2022,0.430676770283107
ES415,2023,5.1040166187864395
ES418,2018,
ES418,2019,0.2665718438388675
ES418,2020,1.5154693987600527
ES418,2021,2.677700943990034
ES418,2022,0.3342123480948375
ES418,2023,1.9207950656866457
ES419,2018,
ES419,2019,0.3890622245515399
ES419,2020,2.301057332460806
ES419,2021,3.257657497728551
ES419,2022,0.38583557241463934
ES419,2023,3.983696202471859
ES422,2018,
ES422,2019,0.7772987970074683
ES422,2020,2.4730396139607738
ES422,2021,0.8671729271813988
ES422,2022,0.4815328774813822
ES422,2023,1.023054059316445
ES425,2018,
ES425,2019,0.8025843130586418
ES425,2020,2.539307721690272
ES425,2021,1.2985573610683843
ES425,2022,0.6957760211932884
ES425,2023,1.6070730973066911
ES431,2018,
ES431,2019,1.3360609199135074
ES431,2020,4.080140229393445
ES431,2021,1.952823806029138
ES431,2022,1.3661103969056487
ES431,2023,0.7086519399675382
ES432,2018,
ES432,2019,1.5672470743417017
ES432,2020,4.548294889917527
ES432,2021,3.906134286570483
ES432,2022,0.9783252800827436
ES432,2023,1.9533553563471329
ES611,2018,
ES611,2019,0.6015398914138758
ES611,2020,3.7085570885136647
ES611,2021,4.247242017543575
ES611,2022,0.7093719896959975
ES611,2023,2.7363840020397108
ES616,2018,
ES616,2019,1.3171875363470495
ES616,2020,5.05469530666768
ES616,2021,3.0763175363664077
ES616,2022,1.4060951034506137
ES616,2023,1.4954064618524576
FI1D4,2018,
FI1D4,2019,5.627551726849899
FI1D4,2020,8.091143309131178
FI1D4,2021,6.547006670499235
FI1D4,2022,10.108671640018375
FI1D4,2023,8.574928083633605
FI1D6,2018,
FI1D6,2019,4.7765375177699365
FI1D6,2020,8.580426316133844
FI1D6,2021,6.200564711990873
FI1D6,2022,9.920190189369785
FI1D6,2023,9.656813291843465
FR213,2018,
FR213,2019,5.919223490355454
FR213,2020,3.1821946679760003
FR213,2021,14.11145942373409
FR213,2022,9.840767360860445
FR213,2023,6.5240734051633265
FR431,2018,
FR431,2019,9.743575070018025
FR431,2020,10.492353593995277
FR431,2021,16.146853720925282
FR431,2022,13.138654005946128
FR431,2023,11.537389075705509
FR432,2018,
FR432,2019,9.121797857460756
FR432,2020,8.639527850411154
FR432,2021,16.0259697468044
FR432,2022,13.671369802430602
FR432,2023,11.689317549485507
FR434,2018,
FR434,2019,11.721303836804312
FR434,2020,12.451404689653494
FR434,2021,17.66287915324425
FR434,2022,12.66685052095191
FR434,2023,11.229934341363482
FR515,2018,
FR515,2019,3.0761298368739545
FR515,2020,5.411125327529886
FR515,2021,11.234846568871548
FR515,2022,4.551331011154684
FR515,2023,2.1728803461675525
FR522,2018,
FR522,2019,9.203749179612121
FR522,2020,7.416475245572126
FR522,2021,16.003110650243137
FR522,2022,8.47888318647536
FR522,2023,11.807782633782836
FR532,2018,
FR532,2019,8.14165913067311
FR532,2020,7.215041881335795
FR532,2021,12.41047059175541
FR532,2022,4.835370284323668
FR532,2023,6.6375878766160765
FR621,2018,
FR621,2019,12.813787060963222
FR621,2020,13.484245361121902
FR621,2021,13.15532222416989
FR621,2022,10.120362885347626
FR621,2023,15.252564968917175
FR626,2018,
FR626,2019,16.45199100242691
FR626,2020,17.83201549983833
FR626,2021,18.75186742663842
FR626,2022,21.11951134646103
FR626,2023,18.79817205390479
FR631,2018,
FR631,2019,5.698932997168805
FR631,2020,10.34690769293402
FR631,2021,16.35821857243563
FR631,2022,11.894004641134412
FR631,2023,15.48321960049378
FR713,2018,
FR713,2019,5.126860626259651
FR713,2020,5.546087487879978
FR713,2021,11.381351801582406
FR713,2022,3.7422456235379142
FR713,2023,8.741605624990392
FR714,2018,
FR714,2019,8.850981078484768
FR714,2020,11.790756153592444
FR714,2021,18.359616283867606
FR714,2022,13.898001323474055
FR714,2023,15.523744032729162
FR717,2018,
FR717,2019,4.76741227016323
FR717,2020,4.994055783072361
FR717,2021,4.673418974305774
FR717,2022,4.4414589211191196
FR717,2023,6.342142565671131
FR718,2018,
FR718,2019,9.251886453716072
FR718,2020,11.988695530083326
FR718,2021,14.623095881228721
FR718,2022,12.199387631223784
FR718,2023,16.263997018218163
FR722,2018,
FR722,2019,5.080666798647956
FR722,2020,4.2849573820308775
FR722,2021,8.12143672764059
FR722,2022,7.689392356842523
FR722,2023,10.537743329242875
FR812,2018,
FR812,2019,0.9900437036721697
FR812,2020,6.751133173475151
FR812,2021,3.0200678598464457
FR812,2022,1.0455684186067082
FR812,2023,1.5691477425469804
FR813,2018,
FR813,2019,1.3215366794906882
FR813,2020,7.968601309313874
FR813,2021,2.8075633229312307
FR813,2022,2.9482473549918145
FR813,2023,4.844111782739828
FR814,2018,
FR814,2019,4.297924830931699
FR814,2020,1.4458718009051055
FR814,2021,10.04174458318763
FR814,2022,5.790469873137418
FR814,2023,5.103749843449848
FR815,2018,
FR815,2019,14.057120138315948
FR815,2020,21.813625029025392
FR815,2021,16.619735095197743
FR815,2022,13.967535915672352
FR815,2023,17.552396568665934
FR821,2018,
FR821,2019,4.036378445015349
FR821,2020,2.794374472590847
FR821,2021,4.746499311590219
FR821,2022,3.23905764019188
FR821,2023,6.5778236863238835
FR822,2018,
FR822,2019,2.9826582869032436
FR822,2020,0.8722248867448873
FR822,2021,1.1833854749592918
FR822,2022,2.187989670369564
FR822,2023,1.153529300251929
FR823,2018,
FR823,2019,3.4339117845937746
FR823,2020,10.188819061685074
FR823,2021,5.570532278498076
FR823,2022,4.897264787082028
FR823,2023,10.295969750903494
FR824,2018,
FR824,2019,1.7922791125923616
FR824,2020,9.593781901602393
FR824,2021,5.102606824082383
FR824,2022,3.4492766559925947
FR824,2023,4.032344731550478
FR826,2018,
FR826,2019,0.7827336412610072
FR826,2020,5.761536463211672
FR826,2021,1.8685391657201358
FR826,2022,1.6799904919211581
FR826,2023,8.112959076920268
FR831,2018,
FR831,2019,1.4580660447047247
FR831,2020,6.131557040727503
FR831,2021,2.0694369995596245
FR831,2022,0.6342326198078894
FR831,2023,4.633332826017717
FR832,2018,
FR832,2019,6.206686635254573
FR832,2020,9.201747462855433
FR832,2021,4.541529181501628
FR832,2022,3.5158191988875505
FR832,2023,9.04259402211742
IE011,2018,
IE011,2019,11.4067812776439
IE011,2020,10.608083727852039
IE011,2021,10.323550107916294
IE011,2022,11.699333104288819
IE011,2023,16.125993187438738
IE013,2018,
IE013,2019,12.360355633646646
IE013,2020,13.247598063395024
IE013,2021,11.46018484339628
IE013,2022,11.24877818218445
IE013,2023,18.002605580456613
IE023,2018,
IE023,2019,12.364276531428025
IE023,2020,13.550669392814477
IE023,2021,12.48454210294587
IE023,2022,10.921689546728656
IE023,2023,17.857014570092186
IE024,2018,
IE024,2019,10.649829038916895
IE024,2020,13.033141090897937
IE024,2021,11.715864532062815
IE024,2022,7.8545274027559095
IE024,2023,17.36307471774454
IE025,2018,
IE025,2019,9.792874585923174
IE025,2020,9.195054363639658
IE025,2021,10.100027206867141
IE025,2022,7.241183535741266
IE025,2023,15.057900092868097
ITC11,2018,
ITC11,2019,21.842762538158862
ITC11,2020,23.239760256792827
ITC11,2021,21.70878474366109
ITC11,2022,21.128525237021154
ITC11,2023,20.919162613731856
ITC16,2018,
ITC16,2019,19.626856019814515
ITC16,2020,21.86806677873272
ITC16,2021,18.439556427576626
ITC16,2022,14.941783012180114
ITC16,2023,18.463525488937158
LT001,2018,
LT001,2019,6.898886601934854
LT001,2020,9.563205942334408
LT001,2021,8.67617312748553
LT001,2022,12.274363417595664
LT001,2023,12.461294436553036
LT002,2018,
LT002,2019,8.265175681995665
LT002,2020,10.214497162673233
LT002,2021,10.620192141850236
LT002,2022,12.16167596446738
LT002,2023,12.812580712626996
LT004,2018,
LT004,2019,8.821860723270055
LT004,2020,12.03522730568146
LT004,2021,10.988276073227338
LT004,2022,12.01522732033121
LT004,2023,12.658767991282948
LT005,2018,
LT005,2019,10.741954404837116
LT005,2020,11.702757996929005
LT005,2021,7.495678547034453
LT005,2022,10.253452444148685
LT005,2023,11.461156905544533
LT006,2018,
LT006,2019,9.827302582432315
LT006,2020,13.136823791379495
LT006,2021,9.70988418894087
LT006,2022,11.790153135131925
LT006,2023,13.443382052885557
LT008,2018,
LT008,2019,10.53345693646916
LT008,2020,13.269960955768015
LT008,2021,11.669883745142815
LT008,2022,9.961083533119568
LT008,2023,14.472820850215939
LT009,2018,
LT009,2019,10.235716593376635
LT009,2020,8.278033108380797
LT009,2021,6.027201619941126
LT009,2022,10.869059991183082
LT009,2023,12.81313324228512
LT00A,2018,
LT00A,2019,9.29049704590506
LT00A,2020,7.73285242813794
LT00A,2021,6.883343119227187
LT00A,2022,11.289171265337348
LT00A,2023,6.828239155530237
LV003,2018,
LV003,2019,9.906727525875919
LV003,2020,13.236827050402772
LV003,2021,6.123710915973774
LV003,2022,11.34764760867631
LV003,2023,15.161382207063573
MD111,2018,
MD111,2019,8.344738571159619
MD111,2020,6.476810783022931
MD111,2021,13.086712595102261
MD111,2022,0.6704426728466747
MD111,2023,1.4587682314475041
ME111,2018,
ME111,2019,4.701278091121653
ME111,2020,3.555489441148242
ME111,2021,2.697844051797855
ME111,2022,1.252782856364033
ME111,2023,4.561789851699864
NL122,2018,
NL122,2019,14.085085646932528
NL122,2020,14.961524643759066
NL122,2021,16.490109086417817
NL122,2022,9.05753881045197
NL122,2023,12.295308321381706
NL338,2018,
NL338,2019,11.81308523547847
NL338,2020,11.43223643439357
NL338,2021,16.782081843665136
NL338,2022,9.991596512442527
NL338,2023,7.382272702047192
PL116,2018,
PL116,2019,2.820511202075113
PL116,2020,9.657696575949359
PL116,2021,8.527479364015349
PL116,2022,11.296050620770075
PL116,2023,9.110185260507096
PL117,2018,
PL117,2019,4.1932003217116085
PL117,2020,10.033358208509986
PL117,2021,10.018095637842892
PL117,2022,11.848511996665351
PL117,2023,6.039381367903625
PL129,2018,
PL129,2019,2.5312927297883054
PL129,2020,11.328347787767562
PL129,2021,12.998088359569763
PL129,2022,10.222029247083526
PL129,2023,6.89128262408963
PL12B,2018,
PL12B,2019,2.9841379334678018
PL12B,2020,10.26398818777123
PL12B,2021,13.87156267119468
PL12B,2022,7.730407169856493
PL12B,2023,5.743221590662868
PL12D,2018,
PL12D,2019,2.821390453661769
PL12D,2020,10.54749836665733
PL12D,2021,12.39942961434119
PL12D,2022,9.079225031544604
PL12D,2023,7.715677265981927
PL12E,2018,
PL12E,2019,5.308540244859703
PL12E,2020,11.85143859601216
PL12E,2021,12.428150233142807
PL12E,2022,12.080153615885104
PL12E,2023,10.59353840165657
PL323,2018,
PL323,2019,13.231557791377202
PL323,2020,15.267620723092376
PL323,2021,14.63242771382005
PL323,2022,10.987734199489813
PL323,2023,17.341524802074638
PL343,2018,
PL343,2019,9.18414069365266
PL343,2020,9.880919006162319
PL343,2021,13.11058435972835
PL343,2022,12.17654106305486
PL343,2023,9.499007571995971
PL344,2018,
PL344,2019,7.1337546439670625
PL344,2020,9.9071040803225
PL344,2021,12.94637736503649
PL344,2022,11.75706757130555
PL344,2023,10.933448827785217
PL345,2018,
PL345,2019,9.177948790701532
PL345,2020,10.492268196768444
PL345,2021,12.165593027218224
PL345,2022,12.653328374226414
PL345,2023,9.228608933656826
SE110,2018,
SE110,2019,12.850685425987562
SE110,2020,7.900891698588963
SE110,2021,11.12345613331398
SE110,2022,8.9604453416241
SE110,2023,13.085236376110728
SE123,2018,
SE123,2019,11.587700981661
SE123,2020,12.37008259299265
SE123,2021,7.498598573278644
SE123,2022,11.374138934924202
SE123,2023,12.095708366398739
SE213,2018,
SE213,2019,12.064899383817034
SE213,2020,8.71023190631202
SE213,2021,12.85002075521694
SE213,2022,8.561252762087408
SE213,2023,13.542339696803625
SE221,2018,
SE221,2019,8.637906135475056
SE221,2020,10.99238922516775
SE221,2021,9.22308112729633
SE221,2022,5.045298225931134
SE221,2023,12.982572366247528
SE224,2018,
SE224,2019,10.496209005110286
SE224,2020,10.819221388100978
SE224,2021,10.75549106509129
SE224,2022,9.179356456424669
SE224,2023,16.74385731676778
UA112,2018,
UA112,2019,7.8594210449762745
UA112,2020,8.89202933909776
UA112,2021,8.667757320050377
UA112,2022,6.399452946526151
UA112,2023,13.310012664502839
UA113,2018,
UA113,2019,3.4036941626541646
UA113,2020,5.192802236008261
UA113,2021,11.202241111741206
UA113,2022,2.2489868283976837
UA113,2023,1.0144611958860577
UA114,2018,
UA114,2019,6.951774464596812
UA114,2020,10.222451519161083
UA114,2021,10.351121509548747
UA114,2022,3.9296835248393656
UA114,2023,5.574830695771616
UA117,2018,
UA117,2019,7.141119094925782
UA117,2020,7.271300223326245
UA117,2021,7.91195279883542
UA117,2022,2.5253274523997398
UA117,2023,1.971971406746231
UA118,2018,
UA118,2019,10.621079276535452
UA118,2020,16.42410112705402
UA118,2021,14.633646097756854
UA118,2022,9.252396133828315
UA118,2023,18.34522418082383
UA11B,2018,
UA11B,2019,13.665133979921066
UA11B,2020,15.080979325394066
UA11B,2021,14.244602547250775
UA11B,2022,5.42185956915707
UA11B,2023,20.70521572896846
UA11E,2018,
UA11E,2019,7.022610820190953
UA11E,2020,13.88604951679542
UA11E,2021,9.407255841378301
UA11E,2022,10.58300431547188
UA11E,2023,13.616563078029987
UA11L,2018,
UA11L,2019,15.318981565635283
UA11L,2020,15.565732200514178
UA11L,2021,14.860624444982253
UA11L,2022,12.257781567558533
UA11L,2023,19.864536758692296
UA11O,2018,
UA11O,2019,11.838934361358882
UA11O,2020,8.391947181675203
UA11O,2021,9.196856532532848
UA11O,2022,7.453704470262962
UA11O,2023,8.219324052332329
UKE22,2018,
UKE22,2019,9.601423801898392
UKE22,2020,9.919392466227487
UKE22,2021,10.292143316529943
UKE22,2022,5.095480944048128
UKE22,2023,13.796009457530142
UKM21,2018,
UKM21,2019,8.932373491496552
UKM21,2020,7.7208972179969875
UKM21,2021,9.368324220410784
UKM21,2022,9.269035587193143
UKM21,2023,10.300315674813678
UKM22,2018,
UKM22,2019,10.808517752037215
UKM22,2020,9.59481874260152
UKM22,2021,8.529008852418626
UKM22,2022,5.842673803618815
UKM22,2023,9.754587762023998
UKM23,2018,
UKM23,2019,12.100363544365472
UKM23,2020,9.888571302605593
UKM23,2021,9.868790609131635
UKM23,2022,7.4630182189713885
UKM23,2023,12.377022104308264
UKM24,2018,
UKM24,2019,9.29446035199656
UKM24,2020,7.948162057711102
UKM24,2021,8.407303475565103
UKM24,2022,7.800553688903257
UKM24,2023,10.724172516828178
UKM25,2018,
UKM25,2019,10.695691626199965
UKM25,2020,9.135185727459072
UKM25,2021,9.669956126378763
UKM25,2022,8.83069157195664
UKM25,2023,11.769017118664415
UKM26,2018,
UKM26,2019,11.079973007606053
UKM26,2020,9.801929791737496
UKM26,2021,9.43920096331201
UKM26,2022,10.236405725439404
UKM26,2023,12.849095642503373
UKM27,2018,
UKM27,2019,1.7751211113745682
UKM27,2020,1.1335271344846305
UKM27,2021,4.219897596682388
UKM27,2022,2.4092715312120716
UKM27,2023,2.789161283047405
UKM28,2018,
UKM28,2019,9.901937780640445
UKM28,2020,8.376866044362702
UKM28,2021,8.945668446560362
UKM28,2022,8.62834190455032
UKM28,2023,11.286886990642119
UKM31,2018,
UKM31,2019,9.375035531156696
UKM31,2020,7.834521696871242
UKM31,2021,8.167224582385932
UKM31,2022,9.252052783438197
UKM31,2023,12.576225120232516
UKM32,2018,
UKM32,2019,10.588283030918378
UKM32,2020,9.271498474722188
UKM32,2021,7.995552955888874
UKM32,2022,9.841540221940809
UKM32,2023,12.974349192772587
UKM33,2018,
UKM33,2019,13.960524086695989
UKM33,2020,12.912627037320455
UKM33,2021,8.554736759485326
UKM33,2022,13.831573523107846
UKM33,2023,17.370317051722264
UKM34,2018,
UKM34,2019,10.132729889111015
UKM34,2020,8.798964783659233
UKM34,2021,8.611813048191411
UKM34,2022,9.699549232913906
UKM34,2023,12.744447381675842
UKM35,2018,
UKM35,2019,9.925053437893713
UKM35,2020,8.468777817458717
UKM35,2021,7.229289444376067
UKM35,2022,9.639907162015577
UKM35,2023,13.752934986029322
UKM36,2018,
UKM36,2019,9.98207468939331
UKM36,2020,8.655365870504703
UKM36,2021,8.901990650576169
UKM36,2022,9.37643626974489
UKM36,2023,11.913897699209178
UKM37,2018,
UKM37,2019,11.94115100010872
UKM37,2020,9.868042627305382
UKM37,2021,6.9244645920203824
UKM37,2022,13.332721512433789
UKM37,2023,16.574099479151254
UKM38,2018,
UKM38,2019,8.313645955485258
UKM38,2020,6.907790247480367
UKM38,2021,7.417700720271858
UKM38,2022,8.290175335580335
UKM38,2023,10.616977768267946
UKN01,2018,
UKN01,2019,13.199161960823115
UKN01,2020,12.05120632540415
UKN01,2021,9.522300497634435
UKN01,2022,11.390771113324426
UKN01,2023,16.510639059685026
UKN02,2018,
UKN02,2019,12.103869347263718
UKN02,2020,10.95363955562263
UKN02,2021,8.98699443967671
UKN02,2022,10.811710948993326
UKN02,2023,15.804252896810256
UKN03,2018,
UKN03,2019,12.940676107834985
UKN03,2020,12.139858505437402
UKN03,2021,9.280346824269888
UKN03,2022,10.363766209461515
UKN03,2023,16.062889261907788
UKN04,2018,
UKN04,2019,10.52953823142737
UKN04,2020,8.448204738840326
UKN04,2021,9.96861748924501
UKN04,2022,12.053079783805218
UKN04,2023,15.356568388172407
UKN05,2018,
UKN05,2019,11.505661898350787
UKN05,2020,10.51368863155129
UKN05,2021,10.440320214439003
UKN05,2022,10.965632642250002
UKN05,2023,15.48009189110051
