cal_year;stand_year;block;density;irrigation;FBY;FSY;FLY;DMY;DSY;DLY;height_cm;diameter_mm;tillers_m2;stem_frac
2013;2;1;2;0;20.0;16.107;3.893;10.801;7.41;3.391;341.0;8.0;37.5;686
2013;2;1;1;1;22.5;18.83;3.67;12.422;9.26;3.162;340.0;8.24;27.5;745
2013;2;1;1;3;40.0;32.231;7.769;21.78;15.399;6.382;336.0;9.62;65.0;707
2013;2;1;2;2;28.75;19.046;9.704;18.234;10.02;8.214;303.0;8.9;50.25;0.55
2013;2;1;1;2;34.5;22.078;12.422;21.58;11.016;10.563;269.0;8.91;66.25;511
2013;2;1;2;3;41.75;33.895;7.855;22.828;16.231;6.597;374.0;9.62;67.75;711
2013;2;1;2;1;32.75;26.808;5.942;18.728;13.547;5.181;385.0;8.73;60.75;723
2013;2;1;1;0;28.75;23.352;5.398;16.35;11.265;5.085;325.0;7.49;31.25;689
2013;2;2;2;3;54.0;43.304;10.696;30.326;21.261;9.065;303.0;9.58;77.5;701
2013;2;2;1;2;49.5;38.141;11.359;28.523;18.739;9.784;269.0;9.52;69.25;657
2013;2;2;2;0;22.5;19.211;3.289;11.62;8.742;2.878;279.0;8.18;23.0;752
2013;2;2;1;1;40.0;26.594;13.406;24.627;13.115;11.512;259.0;8.27;65.0;533
2013;2;2;2;1;37.5;24.554;12.946;23.165;12.748;10.417;258.0;8.98;25.0;0.55
2013;2;2;1;0;19.5;15.952;3.548;11.061;8.088;2.973;232.0;8.93;70.0;731
2013;2;2;2;2;38.25;32.968;5.282;18.913;14.574;4.339;316.0;9.05;67.0;771
2013;2;2;1;3;44.75;37.69;7.06;24.578;18.42;6.158;372.0;9.08;70.0;749
2013;2;2;2;1;37.5;32.85;4.65;19.8;15.75;4.05;313.0;8.94;65.0;795
2013;2;2;2;0;33.0;28.025;4.975;17.983;13.693;4.29;339.0;7.52;30.0;761
2013;2;3;1;3;37.5;30.336;7.164;20.165;14.151;6.014;358.0;9.69;77.5;702
2013;2;3;1;2;27.5;17.994;9.506;16.772;8.827;7.944;220.0;9.0;73.75;526
2013;2;3;2;2;38.75;23.413;15.337;24.066;11.584;12.482;219.0;8.79;70.0;481
2013;2;3;2;3;39.75;32.49;7.26;20.055;14.239;5.816;300.0;10.02;72.5;0.71
2013;2;3;1;0;22.5;19.54;2.96;12.483;9.903;2.58;355.0;7.72;24.0;793
2013;2;3;1;1;27.0;21.846;5.154;15.155;10.718;4.437;362.0;7.89;62.5;707
2014;3;1;2;0;16.0;12.528;3.472;8.94;5.844;3.096;273.0;8.1;37.5;654
2014;3;1;1;1;18.75;15.118;3.632;12.355;9.096;3.26;329.0;8.52;48.75;736
2014;3;1;1;3;36.5;30.081;6.419;25.24;19.42;5.82;379.0;8.99;75.0;769
2014;3;1;2;2;36.25;27.542;8.708;23.081;15.364;7.717;285.0;8.59;69.5;666
2014;3;1;1;2;29.0;24.453;4.547;18.686;14.639;4.048;297.0;9.03;61.75;783
2014;3;1;2;3;36.0;29.533;6.467;25.168;19.401;5.766;351.0;9.4;65.5;771
2014;3;1;2;1;31.75;24.86;6.89;17.551;11.499;6.052;305.0;8.36;49.5;655
2014;3;1;1;0;25.0;19.708;5.292;13.553;8.909;4.644;309.0;7.73;40.0;657
2014;3;2;2;3;48.75;30.563;18.187;26.504;20.843;5.662;369.0;9.19;78.75;786
2014;3;2;1;2;43.0;34.345;8.655;28.3;20.744;7.556;364.0;8.68;70.5;733
2014;3;2;2;0;15.0;12.43;2.57;7.921;5.678;2.243;296.0;8.53;27.5;717
2014;3;2;1;1;36.5;25.474;11.026;24.523;14.923;9.6;249.0;8.62;65.75;609
2014;3;2;2;1;31.25;25.195;6.055;18.235;12.945;5.29;250.0;8.8;57.5;0.71
2014;3;2;1;0;15.5;11.979;3.521;9.208;6.148;3.06;269.0;8.38;31.25;668
2014;3;2;2;2;33.25;26.344;6.906;18.693;12.613;6.079;306.0;9.2;67.25;675
2014;3;2;1;3;35.125;28.698;6.427;24.977;19.169;5.807;385.0;10.15;69.5;767
2014;3;2;2;1;25.5;19.744;5.756;16.771;11.626;5.146;256.0;9.33;71.25;693
2014;3;2;2;0;24.5;20.955;3.545;14.023;10.871;3.151;345.0;8.46;35.25;775
2014;3;3;1;3;34.25;28.976;5.274;21.641;16.852;4.789;363.0;9.43;78.0;779
2014;3;3;1;2;29.25;23.885;5.365;20.096;15.37;4.726;329.0;9.46;73.75;765
2014;3;3;2;2;30.25;23.207;7.043;14.721;9.063;5.657;194.0;9.2;67.25;616
2014;3;3;2;3;34.625;28.711;5.914;23.369;18.076;5.294;367.0;10.01;73.25;773
2014;3;3;1;0;18.25;14.376;3.874;11.309;7.929;3.38;358.0;8.68;30.5;701
2014;3;3;1;1;24.5;14.705;9.795;11.029;7.428;3.601;278.0;8.85;61.5;674
2015;4;1;2;0;15.0;12.145;2.855;9.119;6.605;2.514;283.0;7.06;39.5;724
2015;4;1;1;1;17.75;14.752;2.998;10.109;7.406;2.704;300.0;7.8;50.0;733
2015;4;1;1;3;36.5;31.322;5.178;20.547;15.87;4.677;387.0;8.44;73.75;772
2015;4;1;2;2;34.5;29.756;4.744;21.994;17.681;4.312;351.0;8.34;67.25;804
2015;4;1;1;2;33.0;28.937;4.063;20.563;16.931;3.632;345.0;8.7;62.5;823
2015;4;1;2;3;36.0;29.508;6.492;23.193;17.764;5.43;357.0;9.12;68.75;766
2015;4;1;2;1;28.75;23.623;5.127;16.969;12.635;4.334;313.0;8.58;55.0;745
2015;4;1;1;0;27.5;23.846;3.654;15.132;11.993;3.139;307.0;8.47;44.25;793
2015;4;2;2;3;46.75;39.552;7.198;30.838;24.549;6.289;384.0;9.72;75.0;796
2015;4;2;1;2;43.5;38.047;5.453;23.716;19.277;4.439;372.0;9.18;67.5;813
2015;4;2;2;0;15.25;12.911;2.339;9.574;7.672;1.902;234.0;8.3;29.5;801
2015;4;2;1;1;37.0;32.021;4.979;21.854;17.661;4.193;271.0;8.65;67.25;808
2015;4;2;2;1;31.5;27.556;3.944;19.972;17.039;2.933;284.0;9.25;60.0;853
2015;4;2;1;0;14.75;12.705;2.045;8.614;6.941;1.673;266.0;7.83;30.0;806
2015;4;2;2;2;33.75;28.233;5.517;20.526;15.739;4.787;291.0;9.65;67.5;767
2015;4;2;1;3;35.5;30.472;5.028;21.398;17.106;4.292;395.0;9.67;63.75;799
2015;4;2;2;1;24.75;21.102;3.648;15.746;12.514;3.232;370.0;9.2;70.0;795
2015;4;2;2;0;24.75;21.042;3.708;14.75;11.75;3.0;367.0;8.77;37.5;797
2015;4;3;1;3;33.75;29.525;4.225;21.223;17.686;3.537;370.0;10.02;80.0;833
2015;4;3;1;2;30.0;26.245;3.755;15.677;13.013;2.664;370.0;10.02;75.0;0.83
2015;4;3;2;2;24.75;21.381;3.369;16.586;13.563;3.024;331.0;9.71;67.75;818
2015;4;3;2;3;34.625;30.25;4.375;21.175;16.475;4.699;377.0;10.27;63.25;778
2015;4;3;1;0;18.75;16.359;2.391;11.273;9.281;1.992;194.0;9.38;33.75;823
2015;4;3;1;1;18.75;15.861;2.889;12.349;10.083;2.266;331.0;9.55;75.0;817
2016;5;1;2;0;22.5;17.618;4.882;14.2;10.172;4.028;280.0;7.47;40.5;716
2016;5;1;1;1;22.5;17.634;4.866;14.556;10.689;3.868;339.0;8.44;55.0;734
2016;5;1;1;3;31.25;24.621;6.629;20.492;14.962;5.53;363.0;11.12;93.75;0.73
2016;5;1;2;2;28.75;23.633;5.117;17.104;12.572;4.532;347.0;8.78;61.25;735
2016;5;1;1;2;27.5;20.275;7.225;18.294;12.701;5.593;364.0;9.08;61.25;694
2016;5;1;2;3;30.0;24.382;5.618;19.124;14.542;4.582;382.0;9.34;89.25;0.76
2016;5;1;2;1;25.5;21.146;4.354;15.214;11.961;3.253;353.0;9.01;51.0;786
2016;5;1;1;0;20.0;16.022;3.978;12.541;9.365;3.177;343.0;8.09;52.5;747
2016;5;2;2;3;45.0;37.391;7.609;28.859;22.609;6.25;368.0;9.8;71.25;783
2016;5;2;1;2;37.75;30.14;7.61;24.326;18.17;6.156;367.0;9.65;67.5;747
2016;5;2;2;0;20.0;15.335;4.665;12.226;8.445;3.78;248.0;7.58;32.5;691
2016;5;2;1;1;31.5;23.978;7.522;20.138;14.026;6.112;363.0;9.52;65.0;696
2016;5;2;2;1;28.0;22.115;5.885;16.515;11.675;4.841;333.0;7.79;65.0;707
2016;5;2;1;0;13.25;9.961;3.289;8.561;5.902;2.659;319.0;7.68;33.75;689
2016;5;2;2;2;33.75;26.017;7.733;22.127;15.735;6.392;350.0;8.25;67.5;711
2016;5;2;1;3;35.75;26.747;9.003;22.429;15.058;7.371;359.0;9.31;75.0;671
2016;5;2;2;1;25.75;19.919;5.831;15.664;10.779;4.885;342.0;9.33;65.0;688
2016;5;2;2;0;24.75;18.967;5.783;15.324;10.756;4.568;281.0;7.46;45.0;702
2016;5;3;1;3;31.25;25.17;6.08;19.168;14.289;4.879;360.0;9.37;85.0;745
2016;5;3;1;2;30.0;24.164;5.836;18.216;13.457;4.758;342.0;9.33;71.25;739
2016;5;3;2;2;26.25;20.196;6.054;18.004;12.42;5.584;367.0;8.68;68.75;0.69
2016;5;3;2;3;35.25;28.284;6.966;21.632;15.294;6.338;367.0;8.87;70.0;707
2016;5;3;1;0;22.75;18.563;4.187;13.036;10.887;2.149;343.0;8.24;37.5;835
2016;5;3;1;1;25.75;20.251;5.499;17.607;13.589;4.018;356.0;8.49;41.25;772
2017;6;1;2;0;20.0;13.559;6.441;13.22;8.136;5.085;257.0;8.12;36.25;615
2017;6;1;1;1;20.5;16.112;4.388;13.138;9.791;3.346;265.0;8.27;43.25;745
2017;6;1;1;3;28.75;21.735;7.015;19.355;13.78;5.575;340.0;9.03;74.5;712
2017;6;1;2;2;25.25;18.982;6.268;16.475;11.461;5.014;319.0;8.61;52.5;696
2017;6;1;1;2;25.5;19.166;6.334;16.325;11.428;4.898;300.0;9.25;52.5;0.7
2017;6;1;2;3;27.25;19.79;7.46;17.78;11.982;5.798;319.0;9.53;55.0;674
2017;6;1;2;1;24.5;17.929;6.571;15.953;11.016;4.938;297.0;8.92;48.75;0.69
2017;6;1;1;0;18.0;12.871;5.129;11.613;7.742;3.871;294.0;8.8;44.25;667
2017;6;2;2;3;34.5;24.078;10.422;22.684;14.881;7.803;304.0;9.17;67.0;656
2017;6;2;1;2;26.75;19.081;7.669;17.043;11.115;5.928;300.0;9.14;63.75;652
2017;6;2;2;0;18.25;13.645;4.605;12.704;9.007;3.697;259.0;7.93;48.0;709
2017;6;2;1;1;22.5;16.047;6.453;14.895;10.012;4.884;286.0;8.41;60.75;672
2017;6;2;2;1;25.25;19.525;5.725;16.554;12.233;4.321;337.0;9.51;50.0;739
2017;6;2;1;0;12.5;9.98;2.52;8.233;6.229;2.005;320.0;8.39;38.75;757
2017;6;2;2;2;30.5;23.582;6.918;19.809;14.346;5.463;347.0;9.98;53.5;724
2017;6;2;1;3;31.0;21.888;9.112;21.53;14.383;7.147;349.0;10.17;59.5;668
2017;6;2;2;1;24.25;17.839;6.411;16.445;11.568;4.878;322.0;8.62;58.25;703
2017;6;2;2;0;22.75;17.31;5.44;14.727;10.468;4.259;300.0;8.58;35.0;711
2017;6;3;1;3;28.5;20.541;7.959;19.77;13.608;6.162;344.0;9.6;72.0;688
2017;6;3;1;2;27.5;20.625;6.875;18.533;13.227;5.306;322.0;8.79;60.0;714
2017;6;3;2;2;24.0;19.054;4.946;14.276;10.342;3.934;342.0;9.13;47.5;724
2017;6;3;2;3;33.0;26.828;6.172;22.84;17.885;4.954;346.0;9.97;60.0;783
2017;6;3;1;0;22.5;17.784;4.716;14.482;10.737;3.745;329.0;8.78;33.0;741
2017;6;3;1;1;24.0;19.294;4.706;15.406;11.752;3.654;337.0;8.89;38.5;763
2018;7;1;2;0;19.5;16.059;3.441;13.053;9.888;3.164;308.0;7.21;40.5;758
2018;7;1;1;1;20.75;17.002;3.748;13.744;10.397;3.347;318.0;7.82;47.25;756
2018;7;1;1;3;28.0;22.967;5.033;18.917;14.405;4.512;329.0;8.79;88.0;761
2018;7;1;2;2;24.75;20.59;4.16;16.171;12.427;3.744;324.0;7.84;52.0;768
2018;7;1;1;2;24.25;20.112;4.138;15.66;12.046;3.614;314.0;8.71;57.5;769
2018;7;1;2;3;27.0;23.092;3.908;17.712;14.211;3.502;327.0;8.94;76.25;802
2018;7;1;2;1;24.0;20.357;3.643;16.179;12.857;3.321;327.0;8.53;47.0;795
2018;7;1;1;0;17.75;15.183;2.567;11.809;9.498;2.31;301.0;7.99;43.25;804
2018;7;2;2;3;32.5;27.675;4.825;20.773;16.418;4.356;342.0;9.18;64.0;0.79
2018;7;2;1;2;25.5;20.877;4.623;16.503;12.427;4.076;336.0;9.05;60.75;753
2018;7;2;2;0;17.75;14.526;3.224;11.608;8.906;2.702;318.0;7.68;30.5;767
2018;7;2;1;1;20.75;17.081;3.669;14.234;11.071;3.163;326.0;8.68;55.5;778
2018;7;2;2;1;23.5;20.297;3.203;15.293;12.411;2.882;323.0;8.54;60.0;812
2018;7;2;1;0;11.75;10.12;1.63;7.736;6.325;1.411;308.0;8.32;34.25;818
2018;7;2;2;2;29.5;25.011;4.489;19.239;15.284;3.955;329.0;8.92;62.25;794
2018;7;2;1;3;30.25;25.861;4.389;19.49;15.621;3.87;334.0;9.29;67.0;801
2018;7;2;2;1;24.75;21.093;3.657;16.359;13.087;3.272;330.0;9.31;65.25;0.8
2018;7;2;2;0;23.75;19.681;4.069;15.377;11.738;3.639;329.0;9.27;42.25;763
2018;7;3;1;3;26.0;22.832;3.168;17.007;14.165;2.842;353.0;10.05;75.0;833
2018;7;3;1;2;25.5;22.359;3.141;16.377;13.573;2.804;347.0;9.51;68.75;829
2018;7;3;2;2;29.0;25.19;3.81;18.854;15.433;3.421;339.0;9.55;60.25;819
2018;7;3;2;3;35.75;30.869;4.881;22.96;18.756;4.203;361.0;9.85;62.0;817
2018;7;3;1;0;22.5;19.024;3.476;18.239;15.324;2.915;332.0;8.47;32.25;0.84
2018;7;3;1;1;23.25;20.085;3.165;15.419;12.619;2.8;333.0;8.58;36.75;818
2019;8;1;2;0;20.0;15.044;4.956;13.193;9.246;3.947;307.0;7.92;39.5;701
2019;8;1;1;1;20.0;16.058;3.942;12.934;9.959;2.975;313.0;7.87;48.75;0.77
2019;8;1;1;3;27.75;22.359;5.391;19.538;14.906;4.631;329.0;8.0;86.0;763
2019;8;1;2;2;24.0;18.379;5.621;16.912;12.513;4.399;320.0;7.92;50.25;0.74
2019;8;1;1;2;23.75;18.739;5.011;16.638;12.638;4.0;320.0;9.65;60.5;0.76
2019;8;1;2;3;25.5;20.368;5.132;17.775;13.433;4.342;326.0;9.65;73.5;756
2019;8;1;2;1;22.5;18.462;4.038;15.0;11.346;3.654;304.0;9.16;47.5;756
2019;8;1;1;0;17.75;14.684;3.066;12.64;10.084;2.555;300.0;8.46;40.0;798
2019;8;2;2;3;32.875;26.703;6.172;22.213;17.542;4.671;335.0;8.89;65.25;0.79
2019;8;2;1;2;25.0;19.065;5.935;17.589;12.418;5.171;332.0;8.8;59.0;706
2019;8;2;2;0;17.5;14.596;2.904;12.273;9.757;2.517;295.0;7.84;29.5;795
2019;8;2;1;1;21.25;18.012;3.238;14.944;12.191;2.752;318.0;8.77;57.5;816
2019;8;2;2;1;23.0;19.04;3.96;16.411;12.907;3.503;324.0;8.48;55.5;787
2019;8;2;1;0;12.125;9.696;2.429;8.635;6.692;1.944;312.0;8.48;35.25;775
2019;8;2;2;2;29.0;22.556;6.444;19.282;13.926;5.355;330.0;8.67;63.25;722
2019;8;2;1;3;30.0;22.823;7.177;20.656;14.914;5.742;336.0;9.19;63.5;722
2019;8;2;2;1;24.25;19.911;4.339;15.765;12.308;3.457;308.0;9.01;62.25;781
2019;8;2;2;0;22.75;18.417;4.333;14.881;11.414;3.467;303.0;8.08;39.75;767
2019;8;3;1;3;25.5;21.42;4.08;17.901;14.331;3.57;342.0;9.55;81.25;801
2019;8;3;1;2;25.25;21.321;3.929;18.073;14.668;3.405;328.0;9.41;62.5;812
2019;8;3;2;2;28.5;24.038;4.462;19.337;15.47;3.867;336.0;9.02;52.5;0.8
2019;8;3;2;3;35.125;28.704;6.421;23.303;17.652;5.651;339.0;9.04;59.0;758
2019;8;3;1;0;22.125;16.554;5.571;15.599;10.824;4.775;299.0;8.21;34.0;694
2019;8;3;1;1;22.5;18.096;4.404;15.165;11.53;3.635;313.0;8.32;35.0;0.76
2020;9;1;2;0;19.5;16.128;3.372;12.792;10.065;2.727;340.0;8.28;38.75;787
2020;9;1;1;1;19.75;16.219;3.531;12.727;9.875;2.852;344.0;8.98;47.5;776
2020;9;1;1;3;27.5;22.998;4.502;17.449;13.791;3.659;345.0;9.63;77.5;0.79
2020;9;1;2;2;23.75;18.339;5.411;15.993;11.971;4.022;345.0;9.51;48.75;749
2020;9;1;1;2;23.25;18.924;4.326;15.07;11.559;3.511;318.0;8.88;59.75;767
2020;9;1;2;3;25.0;21.199;3.801;16.795;13.356;3.438;332.0;9.53;70.25;795
2020;9;1;2;1;22.0;17.614;4.386;14.814;11.228;3.586;301.0;8.62;46.5;758
2020;9;1;1;0;17.5;14.078;3.422;11.413;8.625;2.788;294.0;7.81;38.75;756
2020;9;2;2;3;32.75;27.171;5.579;20.796;16.183;4.612;347.0;9.14;65.0;778
2020;9;2;1;2;24.75;20.064;4.686;16.484;12.615;3.869;327.0;8.57;59.75;765
2020;9;2;2;0;17.75;14.453;3.297;11.689;9.067;2.621;260.0;7.59;30.5;776
2020;9;2;1;1;21.5;18.279;3.221;13.938;11.331;2.606;282.0;8.36;57.5;813
2020;9;2;2;1;23.25;17.96;5.29;16.313;11.945;4.368;301.0;8.59;54.75;732
2020;9;2;1;0;12.25;10.242;2.008;7.768;6.116;1.653;301.0;8.1;37.5;787
2020;9;2;2;2;28.0;22.896;5.104;18.278;14.097;4.181;317.0;8.85;61.5;771
2020;9;2;1;3;29.25;24.702;4.548;18.909;15.245;3.664;324.0;9.2;62.5;806
2020;9;2;2;1;23.75;19.311;4.439;15.515;11.986;3.529;304.0;8.95;59.5;773
2020;9;2;2;0;22.5;18.69;3.81;14.546;11.502;3.044;292.0;8.66;40.0;791
2020;9;3;1;3;25.5;21.796;3.704;16.388;13.111;3.278;316.0;9.95;77.5;0.8
2020;9;3;1;2;25.0;19.886;5.114;12.375;9.319;3.056;313.0;9.7;61.0;753
2020;9;3;2;2;27.75;22.386;5.364;24.432;18.435;5.996;324.0;9.1;50.5;755
2020;9;3;2;3;32.75;27.854;4.896;20.823;17.303;3.52;323.0;10.09;57.75;831
2020;9;3;1;0;20.5;16.641;3.859;12.145;9.521;2.624;300.0;8.83;32.75;784
2020;9;3;1;1;22.0;18.263;3.737;15.358;12.159;3.199;316.0;8.68;36.75;792
2021;10;1;2;0;19.0;13.3;5.7;12.264;7.837;4.427;340.0;8.96;37.5;639
2021;10;1;1;1;19.625;13.647;5.978;12.615;7.798;4.817;354.0;9.11;47.5;618
2021;10;1;1;3;27.25;19.15;8.1;17.656;11.302;6.354;360.0;9.95;73.75;0.64
2021;10;1;2;2;22.75;16.461;6.289;14.741;9.618;5.123;358.0;9.31;50.0;652
2021;10;1;1;2;24.75;18.34;6.41;15.941;10.825;5.116;326.0;8.97;57.5;679
2021;10;1;2;3;23.75;16.317;7.433;15.341;9.216;6.125;327.0;9.17;67.5;601
2021;10;1;2;1;21.625;16.753;4.872;13.976;10.012;3.965;323.0;8.43;45.0;716
2021;10;1;1;0;18.0;13.025;4.975;11.637;7.915;3.722;289.0;7.64;41.0;0.68
2021;10;2;2;3;32.0;21.568;10.432;20.964;12.484;8.481;350.0;9.85;63.25;595
2021;10;2;1;2;25.25;17.882;7.368;16.167;10.169;5.998;330.0;8.97;55.0;629
2021;10;2;2;0;17.25;12.527;4.723;11.167;7.393;3.774;226.0;8.28;32.5;662
2021;10;2;1;1;22.25;16.496;5.754;14.286;9.591;4.696;258.0;8.57;57.0;671
2021;10;2;2;1;23.75;17.294;6.456;15.342;9.977;5.364;305.0;7.91;50.75;0.65
2021;10;2;1;0;12.5;8.66;3.84;8.187;5.333;2.854;303.0;7.56;40.25;651
2021;10;2;2;2;27.25;19.711;7.539;17.567;11.58;5.987;312.0;8.01;59.25;659
2021;10;2;1;3;27.5;19.699;7.801;17.782;11.702;6.08;315.0;8.26;65.0;658
2021;10;2;2;1;21.25;16.003;5.247;13.75;9.474;4.276;305.0;8.24;60.25;689
2021;10;2;2;0;20.0;14.545;5.455;12.925;8.485;4.44;292.0;7.96;39.5;656
2021;10;3;1;3;26.25;19.329;6.921;16.854;11.229;5.626;315.0;8.85;75.0;666
2021;10;3;1;2;24.5;17.728;6.772;15.709;10.136;5.573;311.0;8.66;63.25;645
2021;10;3;2;2;27.5;20.584;6.916;17.692;12.001;5.691;315.0;8.49;55.5;678
2021;10;3;2;3;29.5;21.756;7.744;19.145;12.774;6.371;321.0;8.84;57.0;667
2021;10;3;1;0;21.25;14.283;6.967;14.081;8.709;5.372;302.0;8.02;34.75;619
2021;10;3;1;1;23.5;16.92;6.58;15.217;9.762;5.456;315.0;8.07;48.5;641
2022;11;1;2;0;20.0;13.226;6.774;13.785;7.957;5.828;253.0;7.97;37.5;577
2022;11;1;1;1;22.0;16.581;5.419;14.62;9.949;4.671;351.0;8.29;45.25;681
2022;11;1;1;3;24.5;19.321;5.179;17.341;12.939;4.402;373.0;8.62;73.75;746
2022;11;1;2;2;23.75;18.793;4.957;16.931;12.655;4.277;336.0;8.52;47.5;747
2022;11;1;1;2;26.5;21.902;4.598;19.056;15.277;3.779;322.0;8.46;57.5;802
2022;11;1;2;3;28.25;22.0;6.25;19.978;14.755;5.223;354.0;8.59;70.75;739
2022;11;1;2;1;22.75;16.623;6.127;15.341;10.212;5.129;243.0;7.65;47.25;666
2022;11;1;1;0;17.25;11.554;5.696;11.595;6.835;4.76;256.0;7.08;35.0;589
2022;11;2;2;3;24.5;19.928;4.572;17.241;13.29;3.951;354.0;8.91;62.5;771
2022;11;2;1;2;24.0;19.261;4.739;16.987;13.052;3.935;269.0;8.34;55.5;768
2022;11;2;2;0;17.75;12.798;4.952;11.525;7.685;3.839;254.0;6.64;30.0;667
2022;11;2;1;1;23.25;18.014;5.236;15.521;11.063;4.458;256.0;8.13;52.5;713
2022;11;2;2;1;21.0;15.662;5.338;14.043;9.385;4.658;256.0;8.06;46.25;668
2022;11;2;1;0;11.75;7.574;4.176;7.968;4.554;3.413;248.0;7.73;40.25;572
2022;11;2;2;2;27.25;21.71;5.54;18.671;13.929;4.741;324.0;8.28;52.5;746
2022;11;2;1;3;29.75;24.184;5.566;19.554;14.826;4.728;360.0;8.74;62.25;758
2022;11;2;2;1;25.0;18.544;6.456;16.495;10.922;5.573;257.0;8.24;55.0;662
2022;11;2;2;0;20.75;16.968;3.782;14.01;10.769;3.241;241.0;7.88;42.75;769
2022;11;3;1;3;28.0;22.886;5.114;18.603;14.305;4.298;353.0;9.24;75.0;769
2022;11;3;1;2;26.75;21.113;5.637;19.038;14.256;4.781;314.0;8.67;57.5;749
2022;11;3;2;2;29.75;24.592;5.158;20.576;16.008;4.568;349.0;8.2;43.75;778
2022;11;3;2;3;33.0;27.055;5.945;22.647;17.449;5.198;356.0;9.02;57.5;0.77
2022;11;3;1;0;18.0;11.856;6.144;12.072;7.356;4.716;251.0;7.92;37.5;609
2022;11;3;1;1;22.5;16.862;5.638;14.838;10.012;4.827;258.0;7.92;40.5;675
2023;12;1;2;0;17.0;10.852;6.148;10.98;5.777;5.203;298.0;6.82;43.75;526
2023;12;1;1;1;20.0;15.086;4.914;12.4;8.0;4.4;296.0;8.56;45.0;645
2023;12;1;1;3;24.25;17.856;6.394;15.701;10.211;5.489;340.0;8.79;61.25;0.65
2023;12;1;2;2;20.25;15.503;4.747;13.091;8.823;4.268;297.0;8.57;55.0;674
2023;12;1;1;2;20.5;15.099;5.401;13.002;8.251;4.75;294.0;8.24;62.5;635
2023;12;1;2;3;27.0;19.8;7.2;17.955;11.627;6.328;320.0;9.64;65.25;648
2023;12;1;2;1;19.75;14.569;5.181;12.542;8.039;4.503;291.0;7.38;58.75;641
2023;12;1;1;0;18.75;14.485;4.265;12.2;8.611;3.589;283.0;7.1;40.0;706
2023;12;2;2;3;24.5;17.582;6.918;15.271;9.644;5.626;347.0;7.96;62.0;632
2023;12;2;1;2;20.25;15.499;4.751;13.272;9.124;4.147;297.0;7.44;60.0;688
2023;12;2;2;0;18.25;12.733;5.517;12.032;7.215;4.817;291.0;6.62;55.0;0.6
2023;12;2;1;1;19.0;13.19;5.81;12.314;7.857;4.457;267.0;7.17;57.5;638
2023;12;2;2;1;17.75;12.374;5.376;11.34;6.644;4.696;308.0;7.69;52.0;586
2023;12;2;1;0;20.0;13.614;6.386;12.887;7.539;5.348;290.0;6.86;46.25;585
2023;12;2;2;2;19.0;14.351;4.649;12.421;8.422;3.999;289.0;8.18;60.0;678
2023;12;2;1;3;28.0;19.513;8.487;18.143;11.36;6.783;326.0;9.72;66.5;626
2023;12;2;2;1;21.25;15.486;5.764;13.818;8.838;4.98;287.0;8.08;58.25;0.64
2023;12;2;2;0;15.75;12.136;3.614;10.386;7.228;3.158;286.0;7.47;48.75;696
2023;12;3;1;3;26.5;18.892;7.608;17.061;10.426;6.635;313.0;9.35;73.75;611
2023;12;3;1;2;22.25;17.037;5.213;14.479;9.943;4.536;294.0;8.21;63.75;687
2023;12;3;2;2;22.5;17.094;5.406;14.657;9.938;4.719;310.0;8.4;61.25;678
2023;12;3;2;3;26.75;19.675;7.075;17.382;11.361;6.021;311.0;9.19;57.5;654
2023;12;3;1;0;15.5;10.789;4.711;10.131;6.078;4.052;288.0;6.94;50.0;0.6
2023;12;3;1;1;20.75;15.746;5.004;13.623;9.275;4.348;296.0;7.78;55.0;681
2024;13;1;2;0;16.0;11.305;4.695;10.273;6.486;3.787;207.0;6.1;41.25;631
2024;13;1;1;1;16.25;12.012;4.238;10.413;6.755;3.658;278.0;7.29;46.25;649
2024;13;1;1;3;24.25;18.245;6.005;15.508;10.498;5.01;316.0;7.66;65.5;677
2024;13;1;2;2;17.75;13.626;4.124;11.206;7.71;3.496;297.0;7.646;47.5;688
2024;13;1;1;2;20.25;16.643;3.607;13.08;9.728;3.352;311.0;7.876;52.5;744
2024;13;1;2;3;25.0;19.977;5.023;15.81;11.488;4.322;314.0;8.89;61.25;727
2024;13;1;2;1;15.75;11.594;4.156;10.032;6.344;3.688;280.0;7.68;57.5;632
2024;13;1;1;0;14.75;11.442;3.308;9.337;6.347;2.99;224.0;6.897;37.5;0.68
2024;13;2;2;3;24.5;19.4;5.1;15.26;10.884;4.376;310.0;8.82;55.0;713
2024;13;2;1;2;19.25;14.679;4.571;12.093;8.176;3.917;306.0;7.43;50.0;676
2024;13;2;2;0;17.75;13.635;4.115;11.483;7.685;3.798;202.0;6.246;52.5;669
2024;13;2;1;1;18.5;15.018;3.482;11.677;8.406;3.271;258.0;6.57;63.75;0.72
2024;13;2;2;1;18.0;14.224;3.776;11.371;7.902;3.468;288.0;7.45;45.0;695
2024;13;2;1;0;16.5;12.768;3.732;10.385;6.94;3.444;215.0;7.25;43.75;668
2024;13;2;2;2;19.0;14.929;4.071;11.861;8.075;3.786;307.0;7.542;55.0;681
2024;13;2;1;3;26.25;21.0;5.25;16.373;11.539;4.834;310.0;8.41;65.0;705
2024;13;2;2;1;19.0;15.242;3.758;11.85;8.323;3.526;280.0;7.57;48.75;702
2024;13;2;2;0;18.25;13.454;4.796;11.396;6.994;4.403;225.0;6.636;57.5;614
2024;13;3;1;3;26.5;21.015;5.485;16.441;11.398;5.044;309.0;8.06;67.5;693
2024;13;3;1;2;22.5;18.127;4.373;14.009;10.104;3.906;302.0;8.0;61.25;721
2024;13;3;2;2;20.75;17.007;3.743;12.775;9.276;3.499;293.0;8.4;60.0;726
2024;13;3;2;3;24.75;19.654;5.096;15.546;11.147;4.399;306.0;8.5;62.5;717
2024;13;3;1;0;18.0;14.521;3.479;11.18;7.873;3.308;261.0;6.87;52.5;704
2024;13;3;1;1;20.75;16.106;4.644;13.008;8.646;4.362;261.0;6.87;50.0;665
2025;14;1;2;0;15.0;11.779;3.221;10.399;7.642;2.757;173.0;5.442;38.75;735
2025;14;1;1;1;15.5;12.237;3.263;10.491;7.954;2.537;260.0;6.41;43.0;758
2025;14;1;1;3;24.0;19.095;4.905;16.43;12.302;4.129;214.0;6.51;48.0;749
2025;14;1;2;2;17.5;13.715;3.785;11.928;8.872;3.056;280.0;7.29;52.5;744
2025;14;1;1;2;19.75;15.528;4.222;13.873;10.147;3.725;247.0;7.52;50.0;731
2025;14;1;2;3;22.25;16.36;5.89;15.651;10.798;4.854;301.0;8.78;55.5;0.69
2025;14;1;2;1;15.5;11.53;3.97;11.026;7.561;3.465;257.0;7.12;53.75;686
2025;14;1;1;0;14.0;11.086;2.914;9.739;7.227;2.512;209.0;7.22;36.5;742
2025;14;2;2;3;23.0;17.906;5.094;15.969;11.654;4.314;271.0;7.97;51.25;0.73
2025;14;2;1;2;19.25;14.161;5.089;13.365;9.217;4.148;270.0;7.03;47.25;0.69
2025;14;2;2;0;18.0;14.315;3.685;12.288;9.213;3.076;170.0;7.034;47.5;0.75
2025;14;2;1;1;18.0;14.738;3.262;12.151;9.595;2.556;263.0;6.6;58.5;0.79
2025;14;2;2;1;18.75;14.259;4.491;13.013;9.319;3.694;253.0;7.51;43.0;716
2025;14;2;1;0;16.5;12.809;3.691;11.176;8.361;2.815;199.0;6.9;41.25;748
2025;14;2;2;2;18.0;14.715;3.285;12.366;9.63;2.736;269.0;7.58;58.75;779
2025;14;2;1;3;24.75;20.392;4.358;17.034;13.29;3.745;273.0;7.65;47.0;0.78
2025;14;2;2;1;19.25;14.518;4.732;13.55;9.571;3.979;256.0;7.39;52.5;706
2025;14;2;2;0;18.25;13.433;4.817;12.604;8.754;3.849;214.0;7.585;54.5;695
2025;14;3;1;3;20.25;15.596;4.654;13.848;10.166;3.683;283.0;7.583;56.25;734
2025;14;3;1;2;20.25;13.24;7.01;13.812;8.567;5.244;279.0;7.734;53.75;0.62
2025;14;3;2;2;17.75;14.069;3.681;12.298;9.16;3.138;255.0;7.239;52.5;745
2025;14;3;2;3;24.0;18.203;5.797;16.426;11.844;4.582;297.0;8.17;57.25;721
2025;14;3;1;0;17.5;15.025;2.475;11.819;9.758;2.061;305.0;7.847;56.75;826
2025;14;3;1;1;19.5;15.22;4.28;13.403;9.988;3.415;279.0;7.82;55.5;745
2026;15;1;2;0;15.0;10.468;4.532;9.724;6.2;3.523;218.0;4.336;40.25;638
2026;15;1;1;1;15.75;10.837;4.913;9.074;5.447;3.627;281.7;5.951;43.75;0.6
2026;15;1;1;3;22.75;21.37;1.38;18.471;13.2;5.271;289.0;6.333;50.0;715
2026;15;1;2;2;17.5;13.791;3.709;12.047;9.01;3.036;301.0;6.836;47.75;748
2026;15;1;1;2;18.75;14.448;4.302;11.099;7.76;3.339;314.0;7.225;51.5;699
2026;15;1;2;3;23.25;18.658;4.592;15.836;12.316;3.521;290.0;7.065;53.75;778
2026;15;1;2;1;14.5;10.451;4.049;8.558;5.526;3.031;283.0;8.316;37.5;646
2026;15;1;1;0;14.25;10.561;3.689;10.285;7.327;2.959;227.0;7.576;53.75;712
2026;15;2;2;3;23.0;17.64;5.36;15.919;12.431;3.488;284.0;8.747;52.0;781
2026;15;2;1;2;21.5;16.749;4.751;15.824;12.185;3.639;280.0;6.816;47.5;0.77
2026;15;2;2;0;16.0;10.973;5.027;9.931;6.32;3.611;217.0;6.242;56.0;636
2026;15;2;1;1;17.5;11.695;5.805;10.662;6.59;4.072;295.0;7.174;49.5;618
2026;15;2;2;1;19.5;13.55;5.95;11.406;6.717;4.689;302.0;7.208;44.75;589
2026;15;2;1;0;15.75;11.528;4.222;10.052;6.719;3.334;222.5;6.727;51.25;668
2026;15;2;2;2;19.5;15.586;3.914;14.763;11.441;3.322;286.0;7.596;60.0;775
2026;15;2;1;3;23.5;16.963;6.537;15.052;10.476;4.576;267.0;7.007;50.75;696
2026;15;2;2;1;18.5;11.503;6.997;9.95;5.004;4.945;282.0;5.465;56.25;503
2026;15;2;2;0;15.25;10.203;5.047;10.371;6.442;3.929;232.0;7.258;69.25;621
2026;15;3;1;3;23.75;18.266;5.484;15.371;11.181;4.19;283.0;7.301;63.75;727
2026;15;3;1;2;21.25;14.076;7.174;14.636;8.915;5.721;287.0;8.728;53.5;609
2026;15;3;2;2;21.0;14.533;6.467;14.113;9.233;4.88;280.0;7.049;59.75;654
2026;15;3;2;3;23.75;18.916;4.834;15.982;12.279;3.703;294.0;8.209;59.0;768
2026;15;3;1;0;16.5;12.269;4.231;10.045;6.733;3.311;224.0;8.906;9.5;0.67
2026;15;3;1;1;18.5;13.418;5.082;11.522;7.705;3.817;246.0;7.642;57.25;669