soil_id,profielcode,sfu,boven,onder,ISOILLAY,BDENS,PCLAY,PSILT,PSAND,ORGMAT,PH
1,1010,B17,0,20,1,477,0.4,0.4,0.2,0.35,4.9
1,1010,B17,20,35,2,619,0.6,0.35,0.05,0.25,5
1,1010,O17,35,70,3,265,0.6,0.35,0.05,0.5,5.2
1,1010,O17,70,120,4,238,0.6,0.35,0.05,0.7,5.3
2,1020,B17,0,8,1,619,0.25,0.15,0.6,0.25,4.9
2,1020,B17,8,25,2,655,0.25,0.15,0.6,0.17,4.9
2,1020,O17,25,35,3,641,0.3,0.3,0.4,0.2,5
2,1020,O17,35,70,4,265,0.6,0.35,0.05,0.5,5.2
2,1020,O17,70,120,5,238,0.6,0.35,0.05,0.7,5.3
3,1030,B17,0,15,1,588,0.45,0.35,0.2,0.33,4.3
3,1030,O16,15,40,2,244,0.4,0.2,0.4,0.65,3.6
3,1030,O16,40,120,3,216,0.08,0.22,0.7,0.89,3.2
4,1040,B17,0,15,1,477,0.3,0.5,0.2,0.35,4.3
4,1040,O16,15,35,2,226,0.4,0.2,0.4,0.8,3.4
4,1040,O16,35,120,3,221,0.12,0.23,0.65,0.85,3.2
5,1050,B17,0,15,1,477,0.4,0.4,0.2,0.35,4.9
5,1050,O17,15,30,2,436,0.6,0.35,0.05,0.5,5
5,1050,O17,30,50,3,232,0.18,0.57,0.25,0.75,5.1
5,1050,O17,50,120,4,226,0.18,0.57,0.25,0.8,5.1
6,1060,B17,0,20,1,477,0.4,0.4,0.2,0.35,4.9
6,1060,O17,20,40,2,265,0.6,0.35,0.05,0.5,5
6,1060,O17,40,70,3,238,0.18,0.57,0.25,0.7,5.1
6,1060,O12,70,120,4,1219,0.45,0.35,0.2,0.03,6.3
7,1070,B17,0,20,1,477,0.25,0.45,0.3,0.35,5
7,1070,O17,20,40,2,238,0.18,0.57,0.25,0.7,5.1
7,1070,O17,40,80,3,232,0.18,0.57,0.25,0.75,5.1
7,1070,O18,80,100,4,252,0.08,0.27,0.65,0.2,5.1
7,1070,O02,100,120,5,1537,0.04,0.12,0.84,0.02,5.2
8,1071,B17,0,20,1,477,0.25,0.45,0.3,0.35,4.8
8,1071,O17,20,40,2,238,0.18,0.57,0.25,0.7,4
8,1071,O17,40,80,3,221,0.12,0.23,0.65,0.85,3.2
8,1071,O18,80,100,4,252,0.08,0.27,0.65,0.2,4
8,1071,O02,100,120,5,1537,0.04,0.12,0.84,0.02,4.8
9,1072,B17,0,20,1,477,0.25,0.45,0.3,0.35,5
9,1072,O17,20,40,2,238,0.18,0.57,0.25,0.7,5.1
9,1072,O17,40,80,3,232,0.18,0.57,0.25,0.75,5.1
9,1072,O18,80,100,4,252,0.08,0.27,0.65,0.2,5.1
9,1072,O06,100,120,5,1496,0.16,0.19,0.65,0.01,5.1
10,1080,B16,0,15,1,526,0.06,0.14,0.8,0.45,4.8
10,1080,O17,15,60,2,232,0.18,0.57,0.25,0.75,5.1
10,1080,O17,60,120,3,226,0.18,0.57,0.25,0.8,5.1
11,1090,B16,0,15,1,526,0.08,0.22,0.7,0.45,4.8
11,1090,O17,15,60,2,232,0.18,0.57,0.25,0.75,5.1
11,1090,O17,60,120,3,226,0.18,0.57,0.25,0.8,5.1
12,1100,B16,0,20,1,560,0.06,0.14,0.8,0.35,4.9
12,1100,O17,20,50,2,232,0.18,0.57,0.25,0.75,5.1
12,1100,O17,50,70,3,226,0.18,0.57,0.25,0.8,5.1
12,1100,O02,70,120,4,1655,0.03,0.09,0.88,0.005,5.1
13,1110,B16,0,20,1,477,0.08,0.22,0.7,0.35,4.9
13,1110,O17,20,50,2,232,0.18,0.57,0.25,0.75,5.1
13,1110,O17,50,70,3,226,0.18,0.57,0.25,0.8,5.1
13,1110,O02,70,120,4,1655,0.03,0.09,0.88,0.005,5.1
14,1111,B16,0,20,1,477,0.08,0.22,0.7,0.35,4.9
14,1111,O17,20,50,2,232,0.18,0.57,0.25,0.75,5.1
14,1111,O17,50,70,3,226,0.18,0.57,0.25,0.8,5.1
14,1111,O02,70,90,4,1655,0.03,0.09,0.88,0.005,5.1
14,1111,O14,90,120,5,1396,0.08,0.47,0.45,0.005,5.1
15,1120,B16,0,20,1,543,0.06,0.06,0.88,0.4,4.5
15,1120,O16,20,60,2,173,0.04,0.08,0.88,0.85,3.7
15,1120,O02,60,75,3,1292,0.03,0.09,0.88,0.08,4.2
15,1120,O02,75,90,4,1538,0.03,0.09,0.88,0.03,4.5
15,1120,O01,90,120,5,1663,0.03,0.05,0.92,0.005,4.7
16,1130,B17,0,7,1,607,0.6,0.35,0.05,0.28,4.9
16,1130,O13,7,20,2,664,0.6,0.35,0.05,0.15,5
16,1130,O13,20,35,3,261,0.68,0.27,0.05,0.15,5
16,1130,O17,35,70,4,265,0.6,0.35,0.05,0.5,5.2
16,1130,O17,70,120,5,238,0.6,0.35,0.05,0.7,5.3
17,1140,B17,0,10,1,608,0.12,0.18,0.7,0.23,4.8
17,1140,O10,10,30,2,664,0.18,0.17,0.65,0.15,4.8
17,1140,O17,30,70,3,265,0.6,0.35,0.05,0.5,5.2
17,1140,O17,70,120,4,238,0.6,0.35,0.05,0.7,5.3
18,1150,B17,0,5,1,632,0.5,0.35,0.15,0.22,4.7
18,1150,O13,5,15,2,664,0.5,0.4,0.1,0.15,4.7
18,1150,O18,15,30,3,252,0.55,0.4,0.05,0.2,4.7
18,1150,O16,30,60,4,226,0.22,0.38,0.4,0.8,3.6
18,1150,O16,60,120,5,215,0.08,0.22,0.7,0.9,3.2
19,1160,B17,0,8,1,646,0.1,0.15,0.75,0.19,4.7
19,1160,O10,8,25,2,897,0.15,0.15,0.7,0.14,4.7
19,1160,O12,25,35,3,261,0.45,0.2,0.35,0.15,4.9
19,1160,O17,35,60,4,232,0.18,0.57,0.25,0.75,5.1
19,1160,O17,60,120,5,226,0.18,0.57,0.25,0.8,5.1
20,1170,B17,0,7,1,632,0.45,0.35,0.2,0.22,5
20,1170,O12,7,20,2,890,0.45,0.35,0.2,0.12,5
20,1170,O18,20,35,3,252,0.45,0.2,0.35,0.2,5
20,1170,O17,35,60,4,232,0.18,0.57,0.25,0.75,5.1
20,1170,O17,60,120,5,226,0.18,0.57,0.25,0.8,5.1
21,1180,B17,0,8,1,641,0.25,0.25,0.5,0.2,4.9
21,1180,B17,8,20,2,664,0.25,0.25,0.5,0.15,4.9
21,1180,O18,20,35,3,243,0.4,0.4,0.2,0.25,4.9
21,1180,O17,35,80,4,251,0.18,0.57,0.25,0.6,5.1
21,1180,O01,80,120,5,1663,0.02,0.06,0.92,0.005,5.1
22,1190,B17,0,8,1,632,0.65,0.25,0.1,0.22,5
22,1190,O13,8,30,2,901,0.65,0.25,0.1,0.1,5
22,1190,O17,30,60,3,244,0.6,0.35,0.05,0.65,5.2
22,1190,O17,60,120,4,232,0.6,0.35,0.05,0.75,5.3
23,1200,B17,0,8,1,641,0.6,0.3,0.1,0.2,4.9
23,1200,O13,8,30,2,918,0.6,0.3,0.1,0.1,4.9
23,1200,O16,30,60,3,232,0.22,0.38,0.4,0.75,3.6
23,1200,O16,60,120,4,215,0.08,0.22,0.7,0.9,3.2
24,1210,B17,0,8,1,641,0.6,0.3,0.1,0.2,4.9
24,1210,O13,8,30,2,918,0.6,0.3,0.1,0.1,4.9
24,1210,O16,30,60,3,232,0.22,0.38,0.4,0.75,3.6
24,1210,O16,60,120,4,215,0.08,0.22,0.7,0.9,3.2
25,1220,B17,0,10,1,641,0.6,0.3,0.1,0.2,5
25,1220,O13,10,35,2,1023,0.6,0.3,0.1,0.07,5
25,1220,O17,35,70,3,251,0.18,0.57,0.25,0.6,5.1
25,1220,O17,70,120,4,226,0.18,0.57,0.25,0.8,5.1
26,1225,B17,0,10,1,641,0.2,0.4,0.4,0.15,7.3
26,1225,O10,10,30,2,1023,0.2,0.4,0.4,0.05,7.3
26,1225,O17,30,70,3,251,0.18,0.57,0.25,0.6,5.1
26,1225,O17,70,120,4,226,0.18,0.57,0.25,0.8,5.1
27,1230,B17,0,10,1,641,0.4,0.35,0.25,0.2,5
27,1230,O13,10,35,2,1044,0.55,0.35,0.1,0.07,5
27,1230,O17,35,80,3,232,0.18,0.57,0.25,0.75,5
27,1230,O01,80,95,4,1545,0.02,0.06,0.92,0.03,4.8
27,1230,O01,95,120,5,1668,0.02,0.06,0.92,0.004,4.8
28,1235,B17,0,10,1,641,0.2,0.4,0.4,0.15,7.3
28,1235,O10,10,30,2,1023,0.2,0.4,0.4,0.05,7.3
28,1235,O17,30,80,3,232,0.18,0.57,0.25,0.75,5
28,1235,O01,80,95,4,1545,0.02,0.06,0.92,0.03,4.8
28,1235,O01,95,120,5,1668,0.02,0.06,0.92,0.004,4.8
29,1240,B17,0,10,1,655,0.65,0.3,0.05,0.17,4.8
29,1240,O13,10,35,2,1003,0.65,0.3,0.05,0.07,4.8
29,1240,O17,35,70,3,258,0.6,0.35,0.05,0.55,5.2
29,1240,O13,70,120,4,918,0.6,0.35,0.05,0.1,6
30,1250,B02,0,15,1,1287,0.03,0.11,0.86,0.08,4.9
30,1250,O17,15,40,2,238,0.08,0.22,0.7,0.7,5.1
30,1250,O17,40,75,3,232,0.08,0.22,0.7,0.75,5.1
30,1250,O02,75,120,4,1635,0.02,0.08,0.9,0.01,5.1
31,1255,B04,0,25,1,1117.688968,0.03,0.52,0.45,0.02,7.4
31,1255,O17,25,40,2,238,0.08,0.22,0.7,0.7,5.1
31,1255,O17,40,75,3,232,0.08,0.22,0.7,0.75,5.1
31,1255,O02,75,120,4,1635,0.02,0.08,0.9,0.01,5.1
32,1260,B02,0,15,1,1290,0.03,0.09,0.88,0.08,4.9
32,1260,O17,15,40,2,238,0.08,0.22,0.7,0.7,5.1
32,1260,O17,40,120,3,221,0.08,0.22,0.7,0.85,5.1
33,1265,B04,0,25,1,1117.688968,0.03,0.52,0.45,0.02,7.4
33,1265,O17,25,40,2,238,0.08,0.22,0.7,0.7,5.1
33,1265,O17,40,120,3,221,0.08,0.22,0.7,0.85,5.1
34,1270,B02,0,20,1,1290,0.03,0.09,0.88,0.08,4.9
34,1270,O16,20,75,2,169,0.02,0.06,0.92,0.9,4
34,1270,O02,75,90,3,1326,0.03,0.07,0.9,0.07,4.7
34,1270,O01,90,110,4,1545,0.02,0.06,0.92,0.03,4.7
34,1270,O01,110,120,5,1663,0.02,0.06,0.92,0.005,4.7
35,1275,B02,0,30,1,1290,0.03,0.09,0.88,0.08,7.2
35,1275,O18,30,75,2,169,0.02,0.06,0.92,0.9,4
35,1275,O02,75,90,3,1326,0.03,0.07,0.9,0.07,4.7
35,1275,O01,90,110,4,1545,0.02,0.06,0.92,0.03,4.7
35,1275,O01,110,120,5,1663,0.02,0.06,0.92,0.005,4.7
36,1281,B18,0,10,1,471,0.4,0.35,0.25,0.65,5
36,1281,O16,10,40,2,226,0.4,0.35,0.25,0.8,4.4
36,1281,O16,40,120,3,219,0.22,0.38,0.4,0.87,3.6
37,1282,B16,0,10,1,458,0.04,0.04,0.92,0.7,4.3
37,1282,O16,10,35,2,212,0.04,0.04,0.92,0.93,3.6
37,1282,O16,35,120,3,211,0.04,0.04,0.92,0.95,3.6
38,1290,B18,0,12,1,423,0.4,0.35,0.25,0.55,4.8
38,1290,O17,12,45,2,232,0.18,0.57,0.25,0.75,4.7
38,1290,O17,45,120,3,226,0.18,0.57,0.25,0.8,4.7
39,1300,B18,0,12,1,436,0.4,0.5,0.1,0.5,4.7
39,1300,O17,12,45,2,238,0.6,0.35,0.05,0.7,4
39,1300,O17,45,70,3,232,0.6,0.35,0.05,0.75,4.7
39,1300,O13,70,120,4,261,0.6,0.35,0.05,0.15,4.7
40,1310,B16,0,12,1,462,0.1,0.1,0.8,0.4,4.8
40,1310,O17,12,35,2,238,0.1,0.1,0.8,0.7,4.7
40,1310,O17,35,85,3,221,0.1,0.1,0.8,0.85,4.7
40,1310,O02,85,120,4,1655,0.03,0.09,0.88,0.005,4.7
41,1320,B16,0,12,1,497,0.04,0.04,0.92,0.55,4.8
41,1320,O16,12,35,2,173,0.04,0.04,0.92,0.85,3.6
41,1320,O16,35,70,3,169,0.04,0.04,0.92,0.9,3.6
41,1320,O02,70,80,4,1284,0.03,0.12,0.85,0.08,4.4
41,1320,O02,80,100,5,1536,0.03,0.09,0.88,0.03,4.7
41,1320,O02,100,120,6,1658,0.02,0.08,0.9,0.005,4.7
42,1330,B15,0,20,1,640,0.04,0.08,0.88,0.15,4.9
42,1330,O17,20,45,2,224,0.04,0.04,0.92,0.82,4
42,1330,O17,45,120,3,219,0.04,0.04,0.92,0.87,4
43,1340,B15,0,20,1,640,0.04,0.11,0.85,0.15,4.9
43,1340,O17,20,45,2,221,0.04,0.04,0.92,0.85,4
43,1340,O17,45,70,3,224,0.04,0.04,0.92,0.82,4
43,1340,O03,70,85,4,1234,0.06,0.24,0.7,0.08,4.7
43,1340,O02,85,120,5,1639,0.03,0.07,0.9,0.004,4.7
44,1350,B15,0,20,1,640,0.03,0.09,0.88,0.15,4.6
44,1350,O16,20,55,2,167,0.04,0.04,0.92,0.93,3.4
44,1350,O02,55,70,3,1376,0.05,0.09,0.86,0.05,4.7
44,1350,O01,70,90,4,1346,0.03,0.05,0.92,0.08,4.7
44,1350,O01,90,120,5,1658,0.03,0.05,0.92,0.004,4.7
45,2010,B09,0,8,1,976,0.2,0.25,0.55,0.12,5
45,2010,B09,8,15,2,1174,0.2,0.25,0.55,0.08,5
45,2010,O11,15,30,3,1343,0.26,0.34,0.4,0.03,5.2
45,2010,O18,30,50,4,244,0.18,0.57,0.25,0.65,5.2
45,2010,O04,50,60,5,1172,0.08,0.27,0.65,0.1,5
45,2010,O02,60,80,6,1496,0.04,0.08,0.88,0.04,5
45,2010,O01,80,120,7,1668,0.03,0.05,0.92,0.004,5
46,2015,B09,0,10,1,641,0.2,0.4,0.4,0.15,7.3
46,2015,O10,10,30,2,1023,0.2,0.4,0.4,0.05,7.3
46,2015,O18,30,50,3,244,0.18,0.57,0.25,0.65,5.2
46,2015,O04,50,60,4,1172,0.08,0.27,0.65,0.1,5
46,2015,O02,60,80,5,1496,0.04,0.08,0.88,0.04,5
46,2015,O01,80,120,6,1668,0.03,0.05,0.92,0.004,5
47,2020,B15,0,20,1,597,0.06,0.14,0.8,0.25,4.8
47,2020,O18,20,35,2,251,0.08,0.12,0.8,0.6,4.8
47,2020,O02,35,50,3,1466,0.03,0.09,0.88,0.03,4.3
47,2020,O02,50,65,4,1456,0.03,0.09,0.88,0.05,4.3
47,2020,O01,65,90,5,1638,0.03,0.05,0.92,0.01,4.3
47,2020,O01,90,120,6,1668,0.03,0.05,0.92,0.004,5
48,2030,B15,0,20,1,597,0.06,0.14,0.8,0.25,4.8
48,2030,O18,20,35,2,251,0.08,0.12,0.8,0.6,4.8
48,2030,O02,35,50,3,1466,0.03,0.09,0.88,0.03,4.3
48,2030,O02,50,65,4,1456,0.03,0.09,0.88,0.05,4.3
48,2030,O01,65,90,5,1638,0.03,0.05,0.92,0.01,4.3
48,2030,O06,90,120,6,1529,0.2,0.15,0.65,0.002,4.1
49,2040,B02,0,20,1,1260,0.04,0.09,0.87,0.09,4.8
49,2040,O18,20,35,2,251,0.04,0.11,0.85,0.6,4.8
49,2040,O02,35,60,3,1464,0.03,0.09,0.88,0.03,4.5
49,2040,O02,60,80,4,1474,0.03,0.09,0.88,0.045,4.5
49,2040,O01,80,100,5,1588,0.03,0.05,0.92,0.02,4.5
49,2040,O01,100,120,6,1671,0.03,0.05,0.92,0.003,4.5
50,2050,B02,0,20,1,1229,0.04,0.11,0.85,0.1,4.8
50,2050,O18,20,35,2,251,0.04,0.11,0.85,0.6,4.8
50,2050,O02,35,60,3,1464,0.03,0.09,0.88,0.03,4.3
50,2050,O02,60,80,4,1474,0.03,0.09,0.88,0.045,4.3
50,2050,O01,80,100,5,1588,0.03,0.05,0.92,0.02,4.3
50,2050,O06,100,120,6,1529,0.2,0.15,0.65,0.002,4.1
51,2060,B15,0,20,1,1152,0.04,0.08,0.88,0.13,4.6
51,2060,O16,20,30,2,173,0.03,0.05,0.92,0.85,3.6
51,2060,O16,30,40,3,169,0.03,0.05,0.92,0.9,3.6
51,2060,O02,40,50,4,1401,0.04,0.12,0.84,0.04,3.6
51,2060,O02,50,70,5,1443,0.03,0.09,0.88,0.05,3.8
51,2060,O02,70,90,6,1619,0.03,0.07,0.9,0.01,4
51,2060,O01,90,120,7,1657,0.03,0.05,0.92,0.003,4.2
52,2070,B15,0,20,1,1140,0.06,0.14,0.8,0.13,4.6
52,2070,O16,20,30,2,173,0.03,0.05,0.92,0.85,3.6
52,2070,O16,30,40,3,169,0.03,0.05,0.92,0.9,3.6
52,2070,O02,40,50,4,1419,0.04,0.12,0.84,0.04,3.6
52,2070,O02,50,70,5,1456,0.03,0.09,0.88,0.05,3.8
52,2070,O02,70,90,6,1635,0.03,0.07,0.9,0.01,3.8
52,2070,O06,90,120,7,1540,0.17,0.18,0.65,0.003,3.9
53,2080,B17,0,20,1,599,0.45,0.43,0.12,0.3,5.6
53,2080,O18,20,30,2,251,0.45,0.43,0.12,0.6,5.6
53,2080,O12,30,70,3,1214,0.46,0.49,0.05,0.03,6.2
53,2080,O12,70,120,4,1291,0.38,0.57,0.05,0.02,7
54,2081,B17,0,20,1,599,0.45,0.43,0.12,0.3,4.6
54,2081,O18,20,30,2,251,0.45,0.43,0.12,0.6,3.8
54,2081,O12,30,70,3,1250,0.4,0.4,0.2,0.03,4
54,2081,O12,70,120,4,1291,0.38,0.42,0.2,0.02,5.1
55,2090,B17,0,15,1,599,0.45,0.43,0.12,0.3,5
55,2090,O18,15,30,2,273,0.45,0.43,0.12,0.45,4.3
55,2090,O12,30,70,3,1214,0.46,0.49,0.05,0.03,3.8
55,2090,O12,70,120,4,1291,0.38,0.57,0.05,0.02,5
56,2110,B09,0,18,1,965,0.23,0.27,0.5,0.12,5.2
56,2110,O11,18,30,2,1343,0.26,0.24,0.5,0.03,5.2
56,2110,O18,30,60,3,251,0.15,0.2,0.65,0.6,5
56,2110,O02,60,120,4,1663,0.03,0.08,0.89,0.004,4.8
57,2115,B09,0,10,1,641,0.2,0.4,0.4,0.15,7.3
57,2115,O10,10,30,2,1023,0.2,0.4,0.4,0.05,7.3
57,2115,O18,30,60,3,251,0.15,0.2,0.65,0.6,5
57,2115,O02,60,120,4,1663,0.03,0.08,0.89,0.004,4.8
58,2120,B02,0,20,1,1387,0.04,0.1,0.86,0.05,4.9
58,2120,O18,20,40,2,244,0.04,0.1,0.86,0.65,4.8
58,2120,O03,40,55,3,1563,0.06,0.22,0.72,0.01,4.8
58,2120,O02,55,120,4,1665,0.03,0.09,0.88,0.003,5.1
59,2121,B02,0,20,1,1387,0.04,0.1,0.86,0.05,4.9
59,2121,O18,20,40,2,244,0.04,0.26,0.7,0.65,4.8
59,2121,O03,40,55,3,1563,0.06,0.22,0.72,0.01,4.8
59,2121,O02,55,90,4,1665,0.03,0.09,0.88,0.003,5.1
59,2121,O06,90,120,5,1540,0.17,0.19,0.64,0.003,4.8
60,2125,B02,0,25,1,1117.688968,0.03,0.52,0.45,0.02,7.4
60,2125,O18,25,40,2,244,0.04,0.1,0.86,0.65,4.8
60,2125,O03,40,55,3,1563,0.06,0.22,0.72,0.01,4.8
60,2125,O02,55,120,4,1665,0.03,0.09,0.88,0.003,5.1
61,2130,B15,0,20,1,597,0.04,0.19,0.77,0.25,4.8
61,2130,O18,20,30,2,265,0.08,0.22,0.7,0.5,4.8
61,2130,O07,30,40,3,1388,0.2,0.3,0.5,0.03,4.8
61,2130,O02,40,120,4,1660,0.03,0.09,0.88,0.004,5.1
62,2131,B15,0,20,1,597,0.04,0.19,0.77,0.25,4.8
62,2131,O18,20,30,2,265,0.08,0.22,0.7,0.5,4.8
62,2131,O07,30,40,3,1388,0.2,0.3,0.5,0.03,4.8
62,2131,O02,40,90,4,1660,0.03,0.09,0.88,0.004,5.1
62,2131,O05,90,120,5,1495,0.02,0.06,0.92,0.004,5.1
63,2140,B15,0,20,1,560,0.04,0.19,0.77,0.35,4.8
63,2140,O18,20,30,2,265,0.08,0.22,0.7,0.5,4.8
63,2140,O07,30,40,3,1388,0.2,0.3,0.5,0.03,4.8
63,2140,O02,40,80,4,1660,0.03,0.09,0.88,0.004,5.5
63,2140,O06,80,120,5,1550,0.16,0.22,0.62,0.003,6
64,2150,B15,0,20,1,597,0.06,0.24,0.7,0.25,4.8
64,2150,O18,20,30,2,265,0.1,0.25,0.65,0.5,4.8
64,2150,O07,30,45,3,1325,0.18,0.27,0.55,0.05,5
64,2150,O01,45,120,4,1669,0.03,0.06,0.91,0.003,5.2
65,2151,B15,0,20,1,597,0.06,0.24,0.7,0.25,4.8
65,2151,O18,20,30,2,265,0.1,0.25,0.65,0.5,4.8
65,2151,O07,30,45,3,1325,0.18,0.27,0.55,0.05,5
65,2151,O01,45,90,4,1669,0.03,0.06,0.91,0.003,5.7
65,2151,O07,90,120,5,1550,0.16,0.22,0.62,0.003,6
66,2160,B15,0,20,1,640,0.04,0.09,0.87,0.15,4.8
66,2160,O18,20,35,2,169,0.04,0.06,0.9,0.9,3.9
66,2160,O03,35,50,3,1234,0.06,0.24,0.7,0.08,4.7
66,2160,O02,50,120,4,1639,0.03,0.07,0.9,0.004,4.7
67,9013010,B02,0,25,1,1466.064698,0.04,0.08,0.88,0.03,4.8
67,9013010,O02,25,40,2,1615.983662,0.04,0.08,0.88,0.013,4.6
67,9013010,O02,40,70,3,1640.371141,0.03,0.09,0.88,0.008,4.6
67,9013010,O02,70,120,4,1655.360177,0.03,0.09,0.88,0.005,4.6
68,9023010,B02,0,12,1,1427.555544,0.04,0.08,0.88,0.04,3.8
68,9023010,O02,12,35,2,1587.659094,0.04,0.08,0.88,0.019,4.4
68,9023010,O02,35,70,3,1640.371141,0.03,0.09,0.88,0.008,4.4
68,9023010,O02,70,120,4,1655.360177,0.03,0.09,0.88,0.005,4.6
69,3011,B02,0,12,1,1427.555544,0.04,0.08,0.88,0.04,3.8
69,3011,O02,12,35,2,1587.659094,0.04,0.08,0.88,0.019,4.4
69,3011,O02,35,70,3,1640.371141,0.03,0.09,0.88,0.008,4.4
69,3011,O02,70,100,4,1655.360177,0.03,0.09,0.88,0.005,4.6
69,3011,O05,100,120,5,1455.487463,0.03,0.09,0.88,0.005,4.6
70,9013020,B03,0,25,1,1465.845534,0.06,0.14,0.8,0.025,4.9
70,9013020,O03,25,40,2,1610.928226,0.06,0.14,0.8,0.009,4.6
70,9013020,O02,40,70,3,1634.172026,0.04,0.12,0.84,0.007,4.6
70,9013020,O02,70,120,4,1659.957449,0.04,0.1,0.86,0.003,4.6
71,9023020,B03,0,13,1,1427.347742,0.06,0.14,0.8,0.035,3.8
71,9023020,O03,13,35,2,1578.182895,0.06,0.14,0.8,0.016,4.4
71,9023020,O02,35,70,3,1634.172026,0.04,0.12,0.84,0.007,4.5
71,9023020,O02,70,120,4,1659.957449,0.04,0.1,0.86,0.003,4.6
72,3030,B05,0,15,1,1340.566393,0.04,0.1,0.86,0.04,3.5
72,3030,O05,15,35,2,1501.245983,0.04,0.1,0.86,0.014,4.4
72,3030,O05,35,70,3,1476.160286,0.03,0.09,0.88,0.007,4.5
72,3030,O05,70,120,4,1501.912454,0.02,0.03,0.95,0.003,4.7
73,3040,B02,0,25,1,1387.428894,0.04,0.1,0.86,0.05,4.8
73,3040,B02,25,40,2,1462.078813,0.04,0.1,0.86,0.03,4.4
73,3040,O02,40,60,3,1615.983662,0.04,0.08,0.88,0.013,4.5
73,3040,O01,60,80,4,1651.458775,0.03,0.06,0.91,0.007,4.5
73,3040,O01,80,120,5,1671.778806,0.03,0.06,0.91,0.003,4.7
74,3050,B03,0,25,1,1367.607472,0.05,0.17,0.78,0.05,4.8
74,3050,B03,25,40,2,1440.083952,0.05,0.17,0.78,0.03,4.4
74,3050,O03,40,50,3,1570.943359,0.05,0.17,0.78,0.015,4.4
74,3050,O03,50,75,4,1572.027004,0.05,0.22,0.73,0.01,4.5
74,3050,O02,75,120,5,1660.363766,0.03,0.11,0.86,0.003,4.8
75,3060,B03,0,25,1,1367.607472,0.06,0.16,0.78,0.05,4.8
75,3060,B03,25,40,2,1396.464943,0.06,0.18,0.76,0.04,4.2
75,3060,O03,40,50,3,1562.866033,0.05,0.19,0.76,0.015,4.3
75,3060,O03,50,75,4,1585.665311,0.05,0.19,0.76,0.01,4.3
75,3060,O03,75,100,5,1623.728631,0.03,0.21,0.76,0.003,4.2
75,3060,O06,100,120,6,1559.165957,0.15,0.25,0.6,0.003,4.1
76,3070,B05,0,25,1,1338.705297,0.04,0.11,0.85,0.04,4.7
76,3070,B05,25,40,2,1376.296093,0.04,0.09,0.87,0.03,4.4
76,3070,O05,40,55,3,1513.224685,0.03,0.07,0.9,0.013,4.2
76,3070,O05,55,80,4,1538.934119,0.03,0.07,0.9,0.007,4.2
76,3070,O05,80,120,5,1559.690033,0.03,0.05,0.92,0.003,4.4
77,9014010,B02,0,25,1,1375.228028,0.03,0.1,0.87,0.054,4.8
77,9014010,O02,25,40,2,1575.905892,0.03,0.08,0.89,0.022,4.5
77,9014010,O02,40,60,3,1632.71795,0.03,0.08,0.89,0.01,4.5
77,9014010,O01,60,120,4,1671.778806,0.03,0.06,0.91,0.003,4.7
78,9034010,B02,0,15,1,1421.75582,0.03,0.08,0.89,0.042,3.5
78,9034010,O01,15,25,2,1612.265451,0.02,0.07,0.91,0.015,3.5
78,9034010,O01,25,40,3,1547.975017,0.02,0.07,0.91,0.029,4.1
78,9034010,O01,40,60,4,1636.53999,0.03,0.06,0.91,0.01,4.4
78,9034010,O01,60,120,5,1673.479576,0.03,0.05,0.92,0.003,4.6
79,9024010,B02,0,25,1,1364.866969,0.03,0.1,0.87,0.057,4.8
79,9024010,O02,25,40,2,1575.905892,0.03,0.08,0.89,0.022,4.5
79,9024010,O02,40,60,3,1632.71795,0.03,0.08,0.89,0.01,4.5
79,9024010,O01,60,120,4,1671.778806,0.03,0.06,0.91,0.003,4.7
80,4015,B03,0,25,1,1229.719931,0.07,0.23,0.7,0.02,7.4
80,4015,O02,25,40,2,1575.905892,0.03,0.08,0.89,0.022,4.5
80,4015,O02,40,60,3,1632.71795,0.03,0.08,0.89,0.01,4.5
80,4015,O01,60,120,4,1671.778806,0.03,0.06,0.91,0.003,4.7
81,9024020,B02,0,8,1,1365.78313,0.03,0.08,0.89,0.056,3.4
81,9024020,O01,8,15,2,1604.337449,0.02,0.07,0.91,0.015,3.4
81,9024020,O01,15,30,3,1558.335677,0.02,0.07,0.91,0.025,4.2
81,9024020,O01,30,55,4,1634.163373,0.02,0.07,0.91,0.01,4.3
81,9024020,O01,55,90,5,1669.298815,0.02,0.07,0.91,0.003,4.7
81,9024020,O05,90,120,6,1576.362957,0.02,0.05,0.93,0.003,4.7
82,9014020,B02,0,25,1,1390.889605,0.03,0.08,0.89,0.05,4.8
82,9014020,O01,25,35,2,1568.150436,0.02,0.07,0.91,0.024,4.5
82,9014020,O01,35,55,3,1634.163373,0.02,0.07,0.91,0.01,4.5
82,9014020,O01,55,90,4,1669.298815,0.02,0.07,0.91,0.003,4.7
82,9014020,O05,90,120,5,1576.362957,0.02,0.05,0.93,0.003,4.7
83,4030,B02,0,20,1,1364.876911,0.03,0.09,0.88,0.057,4.8
83,4030,O02,20,40,2,1571.667732,0.03,0.09,0.88,0.022,4.4
83,4030,O02,40,55,3,1637.983391,0.03,0.09,0.88,0.008,4.4
83,4030,O02,55,90,4,1657.917502,0.04,0.1,0.86,0.003,4.4
83,4030,O06,90,120,5,1567.352153,0.16,0.2,0.64,0.002,4.2
84,4031,B02,0,20,1,1364.876911,0.03,0.09,0.88,0.057,4.8
84,4031,O02,20,40,2,1571.667732,0.03,0.09,0.88,0.022,4.4
84,4031,O02,40,50,3,1637.983391,0.03,0.09,0.88,0.008,4.4
84,4031,O02,50,100,4,1655.422582,0.03,0.12,0.85,0.003,4.6
84,4031,O14,100,120,5,1559.165957,0.15,0.4,0.45,0.003,4.7
85,4040,B08,0,20,1,1213.312679,0.13,0.22,0.65,0.08,5.4
85,4040,O09,20,35,2,1403.023799,0.18,0.22,0.6,0.03,5.4
85,4040,O02,35,45,3,1377.970234,0.04,0.1,0.86,0.07,5
85,4040,O01,45,70,4,1648.105326,0.03,0.05,0.92,0.008,5
85,4040,O01,70,120,5,1673.479576,0.02,0.06,0.92,0.003,5
86,4041,B08,0,20,1,1213.312679,0.13,0.22,0.65,0.08,5.4
86,4041,O09,20,35,2,1403.023799,0.18,0.22,0.6,0.03,5.4
86,4041,O02,35,45,3,1377.970234,0.04,0.1,0.86,0.07,5
86,4041,O01,45,70,4,1648.105326,0.03,0.05,0.92,0.008,5
86,4041,O01,70,100,5,1673.479576,0.02,0.06,0.92,0.003,5
86,4041,O06,100,120,6,1559.165957,0.15,0.2,0.65,0.003,5
87,4045,B08,0,20,1,1213.312679,0.13,0.22,0.65,0.08,7.2
87,4045,O09,20,35,2,1403.023799,0.18,0.22,0.6,0.03,7.2
87,4045,O02,35,45,3,1377.970234,0.04,0.1,0.86,0.07,5
87,4045,O01,45,70,4,1648.105326,0.03,0.05,0.92,0.008,5
87,4045,O01,70,120,5,1673.479576,0.02,0.06,0.92,0.003,5
88,9014050,B03,0,25,1,1383.858554,0.04,0.18,0.78,0.045,5.2
88,9014050,O03,25,40,2,1494.291735,0.04,0.16,0.8,0.035,4.5
88,9014050,O03,40,55,3,1606.850054,0.04,0.14,0.82,0.011,4.6
88,9014050,O02,55,120,4,1658.269399,0.03,0.11,0.86,0.003,4.6
89,9034050,B03,0,8,1,1310.449041,0.04,0.18,0.78,0.067,3.9
89,9034050,O03,8,25,2,1486.119573,0.04,0.16,0.8,0.037,4
89,9034050,O03,25,40,3,1574.26863,0.04,0.14,0.82,0.018,4.4
89,9034050,O02,40,120,4,1658.269399,0.03,0.11,0.86,0.003,4.6
90,9024050,B03,0,20,1,1349.496332,0.04,0.18,0.78,0.055,5
90,9024050,O03,20,40,2,1494.291735,0.04,0.16,0.8,0.035,4.5
90,9024050,O03,40,55,3,1606.850054,0.04,0.14,0.82,0.011,4.6
90,9024050,O02,55,120,4,1658.269399,0.03,0.11,0.86,0.003,4.6
91,4060,B03,0,20,1,1350.883037,0.04,0.18,0.78,0.055,5
91,4060,O03,20,40,2,1495.992167,0.04,0.16,0.8,0.035,4.5
91,4060,O03,40,55,3,1574.26863,0.04,0.14,0.82,0.018,4.4
91,4060,O02,55,110,4,1658.269399,0.03,0.11,0.86,0.003,4.6
91,4060,O05,110,120,5,1559.690033,0.03,0.05,0.92,0.003,4.6
92,4070,B03,0,20,1,1330.376129,0.05,0.19,0.76,0.059,5
92,4070,O03,20,40,2,1468.370295,0.05,0.19,0.76,0.038,4.5
92,4070,O03,40,50,3,1597.885359,0.05,0.19,0.76,0.008,4.3
92,4070,O02,50,90,4,1657.917502,0.05,0.09,0.86,0.003,4.3
92,4070,O06,90,120,5,1549.562258,0.16,0.21,0.63,0.003,4.3
93,4071,B03,0,20,1,1330.376129,0.05,0.19,0.76,0.059,5
93,4071,O03,20,40,2,1468.370295,0.05,0.19,0.76,0.038,4.5
93,4071,O03,40,50,3,1597.885359,0.05,0.19,0.76,0.008,4.2
93,4071,O02,50,90,4,1657.917502,0.05,0.09,0.86,0.003,4.2
93,4071,O14,90,120,5,1485.512073,0.23,0.42,0.35,0.003,4.2
94,9024080,B05,0,8,1,1219.363835,0.03,0.07,0.9,0.068,3.2
94,9024080,O05,8,22,2,1478.388016,0.03,0.05,0.92,0.008,3.4
94,9024080,O05,22,30,3,1265.034285,0.03,0.05,0.92,0.07,3.9
94,9024080,O05,30,40,4,1480.579689,0.02,0.04,0.94,0.008,4.1
94,9024080,O05,40,120,5,1501.02566,0.02,0.04,0.94,0.003,4.4
95,9014080,B05,0,20,1,1264.766514,0.03,0.07,0.9,0.052,4.6
95,9014080,O05,20,45,2,1387.785582,0.03,0.05,0.92,0.032,4.4
95,9014080,O05,45,120,3,1501.02566,0.02,0.04,0.94,0.003,4.4
96,9014090,B02,0,25,1,1414.355824,0.04,0.07,0.89,0.044,4.7
96,9014090,B02,25,40,2,1433.002153,0.04,0.07,0.89,0.039,4.6
96,9014090,O01,40,60,3,1618.653787,0.03,0.05,0.92,0.014,4.5
96,9014090,O01,60,75,4,1658.162125,0.03,0.05,0.92,0.006,4.6
96,9014090,O01,75,120,5,1673.479576,0.03,0.05,0.92,0.003,4.7
97,9024090,B02,0,25,1,1399.784544,0.04,0.07,0.89,0.048,4.7
97,9024090,B02,25,40,2,1403.399144,0.04,0.07,0.89,0.047,4.6
97,9024090,O01,40,60,3,1618.653787,0.03,0.05,0.92,0.014,4.5
97,9024090,O01,60,75,4,1658.162125,0.03,0.05,0.92,0.006,4.6
97,9024090,O01,75,120,5,1673.479576,0.03,0.05,0.92,0.003,4.7
98,4100,B02,0,25,1,1414.355824,0.04,0.07,0.89,0.044,4.7
98,4100,B02,25,40,2,1433.002153,0.04,0.07,0.89,0.039,4.6
98,4100,O01,40,55,3,1628.353311,0.03,0.05,0.92,0.012,4.5
98,4100,O01,55,90,4,1673.479576,0.03,0.05,0.92,0.003,4.6
98,4100,O05,90,120,5,1505.182805,0.02,0.04,0.94,0.002,4.7
99,4110,B02,0,25,1,1351.067157,0.04,0.07,0.89,0.062,4.7
99,4110,B02,25,35,2,1371.524517,0.04,0.07,0.89,0.056,4.6
99,4110,O02,35,55,3,1594.398794,0.03,0.08,0.89,0.018,4.5
99,4110,O02,55,70,4,1652.576639,0.03,0.08,0.89,0.006,4.5
99,4110,O02,70,100,5,1667.790597,0.03,0.08,0.89,0.003,4.3
99,4110,O06,100,120,6,1540.076144,0.17,0.18,0.65,0.003,4.1
100,4111,B02,0,25,1,1351.067157,0.04,0.07,0.89,0.062,4.7
100,4111,B02,25,35,2,1371.524517,0.04,0.07,0.89,0.056,4.6
100,4111,O01,35,60,3,1618.653787,0.03,0.05,0.92,0.014,4.5
100,4111,O01,60,75,4,1658.162125,0.03,0.05,0.92,0.006,4.6
100,4111,O02,75,100,5,1663.029793,0.03,0.1,0.87,0.003,4.7
100,4111,O14,100,120,6,1468.173211,0.25,0.4,0.35,0.003,4.7
101,9014120,B03,0,25,1,1366.461452,0.05,0.17,0.78,0.05,4.7
101,9014120,B03,25,45,2,1376.846825,0.05,0.17,0.78,0.047,4.6
101,9014120,O03,45,60,3,1560.215248,0.04,0.18,0.78,0.018,4.5
101,9014120,O02,60,75,4,1635.495848,0.03,0.12,0.85,0.007,4.5
101,9014120,O02,75,120,5,1660.928699,0.03,0.1,0.87,0.003,4.7
102,9024120,B03,0,25,1,1366.461452,0.05,0.17,0.78,0.05,4.7
102,9024120,B03,25,40,2,1376.846825,0.05,0.17,0.78,0.047,4.6
102,9024120,O03,40,60,3,1560.215248,0.04,0.18,0.78,0.018,4.5
102,9024120,O02,60,75,4,1635.495848,0.03,0.12,0.85,0.007,4.5
102,9024120,O02,75,120,5,1660.928699,0.03,0.1,0.87,0.003,4.7
103,4121,B03,0,25,1,1366.461452,0.05,0.17,0.78,0.05,4.7
103,4121,B03,25,45,2,1376.846825,0.05,0.17,0.78,0.047,4.6
103,4121,O03,45,60,3,1560.215248,0.04,0.18,0.78,0.018,4.5
103,4121,O02,60,75,4,1635.495848,0.03,0.12,0.85,0.007,4.5
103,4121,O02,75,105,5,1660.928699,0.03,0.1,0.87,0.003,4.7
103,4121,O05,105,120,6,1427.695557,0.03,0.05,0.92,0.003,4.7
104,4130,B03,0,25,1,1340.218258,0.05,0.19,0.76,0.056,4.7
104,4130,B03,25,40,2,1360.34595,0.05,0.19,0.76,0.05,4.6
104,4130,O03,40,55,3,1563.967381,0.05,0.16,0.79,0.018,4.5
104,4130,O03,55,85,4,1629.621235,0.05,0.16,0.79,0.004,4.4
104,4130,O06,85,120,5,1557.647658,0.17,0.18,0.65,0.002,4.3
105,4131,B03,0,25,1,1340.218258,0.05,0.19,0.76,0.056,4.7
105,4131,B03,25,40,2,1360.34595,0.05,0.19,0.76,0.05,4.6
105,4131,O03,40,55,3,1563.967381,0.05,0.16,0.79,0.018,4.5
105,4131,O03,55,85,4,1629.621235,0.05,0.16,0.79,0.004,4.4
105,4131,O14,85,120,5,1484.13377,0.25,0.4,0.35,0.002,4.3
106,4140,B01,0,8,1,1408.105776,0.03,0.06,0.91,0.046,3.4
106,4140,O01,8,15,2,1581.843172,0.03,0.06,0.91,0.021,3.5
106,4140,O01,15,30,3,1490.726368,0.03,0.06,0.91,0.042,4.2
106,4140,O01,30,50,4,1645.695024,0.03,0.05,0.92,0.008,4.5
106,4140,O01,50,120,5,1667.71993,0.02,0.04,0.94,0.003,4.6
107,4150,B01,0,8,1,1408.105776,0.03,0.06,0.91,0.046,3.4
107,4150,O01,8,15,2,1581.843172,0.03,0.06,0.91,0.021,3.5
107,4150,O01,15,30,3,1490.726368,0.03,0.06,0.91,0.042,4.2
107,4150,O01,30,50,4,1645.695024,0.03,0.05,0.92,0.008,4.5
107,4150,O01,50,80,5,1667.71993,0.02,0.04,0.94,0.003,4.6
107,4150,O05,80,120,6,1531.324201,0.02,0.04,0.94,0.003,4.6
108,4160,B05,0,8,1,1271.442772,0.02,0.06,0.92,0.068,3.2
108,4160,O05,8,15,2,1488.741979,0.02,0.06,0.92,0.023,3.3
108,4160,O05,15,30,3,1396.90544,0.02,0.06,0.92,0.047,4.3
108,4160,O05,30,60,4,1550.51551,0.02,0.04,0.94,0.009,4.5
108,4160,O05,60,120,5,1577.518993,0.02,0.04,0.94,0.003,4.8
109,4170,B02,0,25,1,1391.017653,0.03,0.09,0.88,0.05,4.6
109,4170,B02,25,35,2,1401.781113,0.03,0.09,0.88,0.047,4.4
109,4170,O02,35,50,3,1594.726429,0.03,0.09,0.88,0.017,4.4
109,4170,O02,50,65,4,1642.215822,0.03,0.07,0.9,0.008,4.5
109,4170,O01,65,120,5,1672.493632,0.03,0.04,0.93,0.003,4.8
110,5010,B13,0,20,1,1488.080539,0.1,0.7,0.2,0.025,5.4
110,5010,O14,20,50,2,1550.820384,0.1,0.7,0.2,0.01,4.3
110,5010,O15,50,80,3,1568.889439,0.14,0.71,0.15,0.003,4.3
110,5010,O14,80,120,4,1588.704831,0.12,0.58,0.3,0.003,4.3
111,5011,B13,0,20,1,1488.080539,0.1,0.7,0.2,0.025,5.4
111,5011,O14,20,50,2,1550.820384,0.1,0.7,0.2,0.01,4.3
111,5011,O15,50,80,3,1568.889439,0.14,0.71,0.15,0.003,4.3
111,5011,O14,80,110,4,1588.704831,0.12,0.58,0.3,0.003,4.3
111,5011,O05,110,120,5,1522.321047,0.03,0.09,0.88,0.003,4.6
112,5020,B14,0,25,1,1465.86664,0.13,0.79,0.08,0.024,5.8
112,5020,O15,25,40,2,1533.682082,0.13,0.79,0.08,0.008,5.8
112,5020,O15,40,60,3,1345.824216,0.15,0.81,0.04,0.005,5.5
112,5020,O15,60,90,4,1512.302099,0.2,0.77,0.03,0.003,5.5
112,5020,O15,90,120,5,1559.165957,0.15,0.77,0.08,0.003,5.3
113,5030,B14,0,20,1,1483.497303,0.14,0.78,0.08,0.017,5.8
113,5030,O15,20,40,2,1512.260076,0.16,0.78,0.06,0.007,5.8
113,5030,O15,40,90,3,1512.302099,0.2,0.76,0.04,0.003,5.6
113,5030,O15,90,120,4,1567.352153,0.16,0.76,0.08,0.002,5.6
114,5040,B08,0,25,1,1480.823445,0.13,0.22,0.65,0.02,5.2
114,5040,O09,25,40,2,1555.578771,0.13,0.22,0.65,0.005,4.9
114,5040,O09,40,55,3,1527.2479,0.16,0.29,0.55,0.005,4.9
114,5040,O10,55,90,4,1512.302099,0.2,0.25,0.55,0.003,4.9
114,5040,O08,90,120,5,1609.027172,0.1,0.2,0.7,0.003,5.1
115,8010,B02,0,15,1,1371.756907,0.04,0.09,0.87,0.055,5
115,8010,B02,15,50,2,1407.27704,0.04,0.09,0.87,0.045,5
115,8010,B02,50,70,3,1401.257521,0.03,0.07,0.9,0.048,5
115,8010,O01,70,120,4,1673.479576,0.03,0.05,0.92,0.003,5.3
116,8012,B02,0,15,1,1371.756907,0.04,0.09,0.87,0.055,5
116,8012,B02,15,50,2,1407.27704,0.04,0.09,0.87,0.045,5
116,8012,B16,50,70,3,787.8204858,0.03,0.07,0.9,0.35,5
116,8012,O01,70,120,4,1673.479576,0.03,0.05,0.92,0.003,5.5
117,8016,B01,0,15,1,1496.998988,0.03,0.06,0.91,0.018,6.4
117,8016,B01,15,55,2,1516.302979,0.03,0.04,0.93,0.014,6.4
117,8016,O01,55,120,3,1646.744344,0.02,0.05,0.93,0.003,6.2
118,8020,B03,0,20,1,1337.043437,0.04,0.17,0.79,0.06,5.2
118,8020,B03,20,50,2,1353.694967,0.04,0.17,0.79,0.055,5.2
118,8020,B03,50,70,3,1377.716265,0.04,0.17,0.79,0.048,5.2
118,8020,O03,70,120,4,1647.840263,0.04,0.14,0.82,0.003,5.6
119,8021,B03,0,20,1,1337.043437,0.04,0.17,0.79,0.06,5.2
119,8021,B03,20,50,2,1353.694967,0.04,0.17,0.79,0.055,5.2
119,8021,B03,50,70,3,1377.716265,0.04,0.17,0.79,0.048,5.2
119,8021,O02,70,90,4,1663.029793,0.04,0.09,0.87,0.003,5.6
119,8021,O05,90,120,5,1512.390962,0.03,0.06,0.91,0.003,5.6
120,8022,B03,0,20,1,1337.043437,0.04,0.17,0.79,0.06,5.2
120,8022,B03,20,50,2,1353.694967,0.04,0.17,0.79,0.055,5.2
120,8022,B16,50,70,3,780.3240616,0.04,0.17,0.79,0.35,5.2
120,8022,O03,70,120,4,1647.840263,0.04,0.14,0.82,0.003,5.6
121,8030,B02,0,25,1,1440.518061,0.05,0.1,0.85,0.035,4.5
121,8030,B02,25,60,2,1479.73934,0.05,0.1,0.85,0.025,4.3
121,8030,B02,60,75,3,1513.060425,0.04,0.09,0.87,0.018,4.3
121,8030,O02,75,90,4,1649.607804,0.03,0.07,0.9,0.007,4.4
121,8030,O01,90,120,5,1670.99454,0.03,0.05,0.92,0.003,4.6
122,9018040,B03,0,25,1,1431.708087,0.07,0.16,0.77,0.031,4.5
122,9018040,B03,25,65,2,1454.701177,0.07,0.16,0.77,0.025,4.3
122,9018040,B03,65,80,3,1498.8315,0.06,0.17,0.77,0.014,4.4
122,9018040,O03,80,95,4,1597.478783,0.06,0.17,0.77,0.009,4.4
122,9018040,O03,95,120,5,1626.157975,0.04,0.19,0.77,0.003,4.7
123,9028040,B03,0,25,1,1420.481977,0.07,0.16,0.77,0.034,4.5
123,9028040,B03,25,65,2,1454.701177,0.07,0.16,0.77,0.025,4.3
123,9028040,B03,65,80,3,1498.8315,0.06,0.17,0.77,0.014,4.4
123,9028040,O03,80,95,4,1597.478783,0.06,0.17,0.77,0.009,4.4
123,9028040,O03,95,120,5,1626.157975,0.04,0.19,0.77,0.003,4.7
124,8041,B03,0,25,1,1402.317629,0.07,0.21,0.72,0.034,4.5
124,8041,B03,25,65,2,1435.657002,0.07,0.21,0.72,0.025,4.3
124,8041,B03,65,80,3,1470.620233,0.06,0.22,0.72,0.016,4.3
124,8041,O03,80,100,4,1602.396661,0.06,0.22,0.72,0.003,4.3
124,8041,O14,100,120,5,1549.562258,0.16,0.54,0.3,0.003,4.3
125,8050,B05,0,25,1,1424.617364,0.04,0.09,0.87,0.02,4.5
125,8050,B05,25,70,2,1443.537053,0.04,0.09,0.87,0.015,4.3
125,8050,O05,70,85,3,1547.636908,0.04,0.07,0.89,0.008,4.4
125,8050,O05,85,120,4,1573.524533,0.03,0.06,0.91,0.003,4.6
126,8060,B02,0,25,1,1394.549097,0.04,0.1,0.86,0.048,4.4
126,8060,B02,25,75,2,1398.174833,0.04,0.08,0.88,0.048,4.2
126,8060,B02,75,90,3,1431.315183,0.04,0.08,0.88,0.039,4.2
126,8060,O02,90,105,4,1601.012614,0.03,0.07,0.9,0.017,4.4
126,8060,O01,105,120,5,1673.479576,0.03,0.05,0.92,0.003,4.7
127,8060,B02,0,25,1,1394.549097,0.04,0.1,0.86,0.048,4.4
127,8060,B02,25,75,2,1398.174833,0.04,0.08,0.88,0.048,4.2
127,8060,B02,75,90,3,1431.315183,0.04,0.08,0.88,0.039,4.2
127,8060,O02,90,105,4,1601.012614,0.03,0.07,0.9,0.017,4.4
127,8060,O01,105,120,5,1673.479576,0.03,0.05,0.92,0.003,4.7
128,8061,B02,0,25,1,1394.549097,0.04,0.1,0.86,0.048,4.4
128,8061,B02,25,75,2,1398.174833,0.04,0.08,0.88,0.048,4.2
128,8061,B02,75,85,3,1427.555544,0.04,0.08,0.88,0.04,4.3
128,8061,O02,85,100,4,1608.454817,0.05,0.1,0.85,0.013,4.4
128,8061,O14,100,120,5,1512.302099,0.2,0.4,0.4,0.003,4.4
129,8070,B02,0,25,1,1398.045464,0.03,0.08,0.89,0.048,4.4
129,8070,B01,25,75,2,1430.341127,0.03,0.06,0.91,0.04,4.2
129,8070,O01,75,90,3,1503.095051,0.03,0.06,0.91,0.039,4.2
129,8070,O01,90,105,4,1602.035223,0.03,0.05,0.92,0.017,4.4
129,8070,O05,105,120,5,1483.993873,0.03,0.05,0.92,0.003,4.7
130,9018090,B03,0,25,1,1369.338679,0.04,0.17,0.79,0.05,4.6
130,9018090,B03,25,70,2,1392.333513,0.04,0.15,0.81,0.045,4.4
130,9018090,B03,70,90,3,1436.495291,0.04,0.15,0.81,0.033,4.4
130,9018090,O03,90,110,4,1580.131491,0.04,0.15,0.81,0.016,4.4
130,9018090,O03,110,120,5,1642.201357,0.04,0.15,0.81,0.003,4.8
131,9028090,B03,0,25,1,1369.338679,0.04,0.17,0.79,0.05,4.6
131,9028090,B03,25,70,2,1392.333513,0.04,0.15,0.81,0.045,4.4
131,9028090,B03,70,90,3,1436.495291,0.04,0.15,0.81,0.033,4.4
131,9028090,O03,90,110,4,1580.131491,0.04,0.15,0.81,0.016,4.4
131,9028090,O03,110,120,5,1642.201357,0.04,0.15,0.81,0.003,4.8
132,8091,B03,0,25,1,1369.338679,0.04,0.17,0.79,0.05,4.6
132,8091,B03,25,70,2,1392.333513,0.04,0.15,0.81,0.045,4.4
132,8091,B02,70,90,3,304.1732892,0.04,0.1,0.86,0.033,4.4
132,8091,O02,90,110,4,310.3219151,0.04,0.08,0.88,0.016,4.4
132,8091,O05,110,120,5,1525.976188,0.04,0.06,0.9,0.003,4.8
133,8100,B03,0,25,1,1334.300189,0.05,0.17,0.78,0.06,4.4
133,8100,B03,25,65,2,1367.88326,0.05,0.17,0.78,0.05,4.2
133,8100,O02,65,90,3,1620.526599,0.05,0.1,0.85,0.01,4.2
133,8100,O06,90,120,4,1549.562258,0.16,0.22,0.62,0.003,4.1
134,8100,B03,0,25,1,1334.300189,0.05,0.17,0.78,0.06,4.4
134,8100,B03,25,65,2,1367.88326,0.05,0.17,0.78,0.05,4.2
134,8100,O02,65,90,3,1620.526599,0.05,0.1,0.85,0.01,4.2
134,8100,O06,90,120,4,1549.562258,0.16,0.22,0.62,0.003,4.1
135,8101,B03,0,25,1,1314.155072,0.05,0.23,0.72,0.06,4.4
135,8101,B03,25,60,2,1346.719356,0.05,0.23,0.72,0.05,4.2
135,8101,B03,60,75,3,1406.273229,0.05,0.2,0.75,0.036,4.2
135,8101,O03,75,90,4,1570.402647,0.05,0.2,0.75,0.013,4.3
135,8101,O14,90,120,5,1588.704831,0.12,0.43,0.45,0.003,4.3
136,8110,B05,0,25,1,1353.650968,0.04,0.09,0.87,0.04,4.6
136,8110,B05,25,60,2,1370.721368,0.04,0.09,0.87,0.035,4.3
136,8110,O05,60,90,3,1536.297889,0.03,0.07,0.9,0.011,4.4
136,8110,O05,90,120,4,1575.031172,0.03,0.05,0.92,0.003,4.6
137,8120,B01,0,30,1,1514.049096,0.02,0.03,0.95,0.015,7
137,8120,B01,30,50,2,1535.436579,0.02,0.03,0.95,0.01,7
137,8120,O01,50,120,3,1649.074985,0.02,0.03,0.95,0.003,7
138,9010,B08,0,30,1,1451.597319,0.12,0.38,0.5,0.03,6
138,9010,B08,30,70,2,1470.682017,0.12,0.38,0.5,0.025,6.6
138,9010,O07,70,120,3,1609.027172,0.1,0.35,0.55,0.003,7.5
139,9020,B13,0,25,1,1402.969922,0.12,0.63,0.25,0.042,5.2
139,9020,B13,25,60,2,1451.597319,0.12,0.66,0.22,0.03,4.9
139,9020,O14,60,120,3,1556.027746,0.14,0.67,0.19,0.004,5
140,10010,B02,0,20,1,1368.276711,0.04,0.1,0.86,0.055,4.8
140,10010,B02,20,30,2,1480.064302,0.04,0.1,0.86,0.025,5
140,10010,O02,30,60,3,1633.009468,0.04,0.1,0.86,0.008,5.2
140,10010,O01,60,120,4,1669.298815,0.03,0.06,0.91,0.003,5.6
141,10012,B02,0,20,1,1368.276711,0.04,0.1,0.86,0.055,4.8
141,10012,B02,20,30,2,1480.064302,0.04,0.1,0.86,0.025,5
141,10012,O02,30,60,3,1633.009468,0.04,0.1,0.86,0.008,5.2
141,10012,O01,60,90,4,1669.298815,0.03,0.06,0.91,0.003,5.3
141,10012,O05,90,120,5,1528.97984,0.03,0.05,0.92,0.003,5.6
142,10013,B02,0,20,1,1368.276711,0.04,0.1,0.86,0.055,4.8
142,10013,B02,20,30,2,1480.064302,0.04,0.1,0.86,0.025,5
142,10013,O02,30,60,3,1633.009468,0.04,0.1,0.86,0.008,5.2
142,10013,O02,60,90,4,1657.917502,0.04,0.1,0.86,0.003,5
142,10013,O06,90,120,5,1530.705467,0.18,0.37,0.45,0.003,4.5
143,10014,B01,0,20,1,1359.665146,0.04,0.04,0.92,0.055,5.2
143,10014,B01,20,30,2,1469.993313,0.04,0.04,0.92,0.025,5.2
143,10014,O01,30,60,3,1649.950677,0.03,0.01,0.96,0.003,5.6
143,10014,O18,60,100,4,550,0.15,0.65,0.2,0.65,4.9
143,10014,O01,100,120,5,1649.950677,0.03,0.01,0.96,0.003,5.6
144,10016,B01,0,20,1,1359.665146,0.04,0.04,0.92,0.055,5.2
144,10016,B01,20,30,2,1469.993313,0.04,0.04,0.92,0.025,5.2
144,10016,O01,30,120,3,1649.950677,0.03,0.01,0.96,0.003,5.6
145,10020,B08,0,15,1,1264.603547,0.13,0.22,0.65,0.07,5.2
145,10020,O09,15,35,2,1453.023817,0.18,0.26,0.56,0.016,5.2
145,10020,O01,35,70,3,1664.187247,0.04,0.05,0.91,0.004,5.2
145,10020,O01,70,120,4,1675.801121,0.02,0.02,0.96,0.003,5.8
146,90110030,B03,0,25,1,1398.549751,0.06,0.17,0.77,0.04,5.3
146,90110030,B03,25,30,2,1474.433896,0.06,0.17,0.77,0.02,5
146,90110030,O03,30,60,3,1640.808604,0.04,0.14,0.82,0.004,5.2
146,90110030,O02,60,120,4,1667.790597,0.03,0.08,0.89,0.003,5.6
147,90310030,B03,0,15,1,1356.656235,0.06,0.17,0.77,0.052,4.1
147,90310030,O03,15,30,2,1597.478783,0.06,0.17,0.77,0.009,4.1
147,90310030,O03,30,60,3,1640.808604,0.04,0.14,0.82,0.004,4.8
147,90310030,O01,60,120,4,1673.479576,0.03,0.05,0.92,0.003,5.6
148,90210030,B03,0,20,1,1418.225665,0.06,0.17,0.77,0.052,5
148,90210030,B03,20,30,2,1458.605353,0.06,0.17,0.77,0.024,5
148,90210030,O03,30,60,3,1640.808604,0.04,0.14,0.82,0.004,5.2
148,90210030,O02,60,120,4,1667.790597,0.03,0.08,0.89,0.003,5.6
149,10040,B03,0,20,1,1364.878892,0.06,0.17,0.77,0.05,5
149,10040,B03,20,30,2,1486.209394,0.05,0.15,0.8,0.02,5
149,10040,O03,30,60,3,1642.859071,0.04,0.14,0.82,0.004,5.2
149,10040,O02,60,90,4,1667.790597,0.03,0.08,0.89,0.003,5.2
149,10040,O05,90,120,5,1498.773084,0.03,0.05,0.92,0.003,5.6
150,10060,B03,0,20,1,1340.37591,0.07,0.18,0.75,0.055,5
150,10060,B03,20,30,2,1451.338019,0.07,0.18,0.75,0.024,5
150,10060,O03,30,80,3,1632.449071,0.05,0.17,0.78,0.003,5
150,10060,O06,80,120,4,1549.562258,0.16,0.19,0.65,0.003,4.8
151,10061,B03,0,20,1,1335.203964,0.07,0.18,0.75,0.055,5
151,10061,O03,20,30,2,1515.35989,0.07,0.18,0.75,0.024,5
151,10061,O03,30,50,3,1604.855022,0.07,0.18,0.75,0.004,5
151,10061,O03,50,90,4,1622.778397,0.05,0.17,0.78,0.003,5
151,10061,O14,90,120,5,1588.704831,0.12,0.58,0.3,0.003,5.3
152,10070,B03,0,15,1,1317.560544,0.07,0.2,0.73,0.06,5
152,10070,O03,15,30,2,1565.78226,0.07,0.2,0.73,0.012,5
152,10070,O03,30,60,3,1640.808604,0.04,0.14,0.82,0.004,5.2
152,10070,O02,60,120,4,1660.363766,0.03,0.11,0.86,0.003,5.6
153,10071,B03,0,15,1,1317.560544,0.07,0.2,0.73,0.06,5
153,10071,O03,15,30,2,1565.78226,0.07,0.2,0.73,0.012,5
153,10071,O03,30,60,3,1640.808604,0.04,0.14,0.82,0.004,5.2
153,10071,O02,60,100,4,1667.790597,0.03,0.08,0.89,0.003,5.2
153,10071,O05,100,120,5,1498.773084,0.03,0.05,0.92,0.003,5.7
154,10072,B03,0,15,1,1317.560544,0.07,0.2,0.73,0.06,5
154,10072,O03,15,30,2,1565.78226,0.07,0.2,0.73,0.012,5
154,10072,O03,30,90,3,1633.52419,0.04,0.16,0.8,0.004,5.2
154,10072,O14,90,120,4,1578.73496,0.13,0.57,0.3,0.003,5.2
155,10080,B08,0,15,1,1213.312679,0.13,0.22,0.65,0.08,5.2
155,10080,O10,15,30,2,1438.486813,0.18,0.26,0.56,0.02,5.2
155,10080,O03,30,60,3,1625.547879,0.04,0.18,0.78,0.004,5.2
155,10080,O02,60,120,4,1663.029793,0.03,0.1,0.87,0.003,5.8
156,10081,B08,0,15,1,1213.312679,0.13,0.22,0.65,0.08,5.2
156,10081,O10,15,30,2,1438.486813,0.18,0.26,0.56,0.02,5.2
156,10081,O03,30,60,3,1633.52419,0.04,0.16,0.8,0.004,5.2
156,10081,O02,60,90,4,1665.505982,0.03,0.09,0.88,0.003,5.2
156,10081,O05,90,120,5,1527.559977,0.02,0.07,0.91,0.003,5.8
157,10090,B08,0,15,1,1276.455666,0.15,0.25,0.6,0.065,5.2
157,10090,O10,15,30,2,1422.222321,0.2,0.3,0.5,0.02,5.2
157,10090,O03,30,60,3,1625.547879,0.04,0.18,0.78,0.004,5.2
157,10090,O02,60,120,4,1663.029793,0.03,0.1,0.87,0.003,5.6
158,10100,B05,0,20,1,1322.316027,0.03,0.09,0.88,0.05,5
158,10100,O05,20,35,2,1549.437685,0.03,0.07,0.9,0.008,5
158,10100,O05,35,85,3,1577.518993,0.02,0.04,0.94,0.003,6
158,10100,O10,85,120,4,1483.355133,0.2,0.4,0.4,0.006,7
159,10110,B02,0,25,1,1373.441228,0.04,0.08,0.88,0.055,4.8
159,10110,O02,25,50,2,1670.625666,0.03,0.09,0.88,0.002,4.8
159,10110,O01,50,120,3,1678.648474,0.02,0.06,0.92,0.002,5.3
160,10111,B02,0,25,1,1373.441228,0.04,0.08,0.88,0.055,4.8
160,10111,O02,25,40,2,1670.625666,0.03,0.09,0.88,0.002,4.8
160,10111,O01,40,90,3,1678.648474,0.02,0.06,0.92,0.002,5.3
160,10111,O05,90,120,4,1518.01096,0.02,0.06,0.92,0.002,5.3
161,10112,B02,0,25,1,1367.998979,0.04,0.11,0.85,0.055,4.8
161,10112,O02,25,40,2,1632.613885,0.03,0.12,0.85,0.008,4.8
161,10112,O02,40,90,3,1665.505982,0.03,0.09,0.88,0.003,4.8
161,10112,O14,90,120,4,1530.705467,0.18,0.62,0.2,0.003,4.8
162,10120,B08,0,25,1,1418.849704,0.16,0.28,0.56,0.03,6
162,10120,O02,25,40,2,1529.624159,0.04,0.11,0.85,0.03,5.2
162,10120,O02,40,70,3,1660.928699,0.04,0.09,0.87,0.003,5.2
162,10120,O01,70,120,4,1678.648474,0.02,0.06,0.92,0.002,5.4
163,10121,B08,0,20,1,1418.849704,0.16,0.28,0.56,0.03,5.2
163,10121,O09,20,35,2,1495.506004,0.16,0.28,0.56,0.01,5.2
163,10121,O03,35,50,3,1469.169757,0.04,0.18,0.78,0.04,5.2
163,10121,O03,50,90,4,1647.840263,0.04,0.14,0.82,0.003,4.8
163,10121,O06,90,120,5,1559.165957,0.15,0.23,0.62,0.003,4.6
164,10130,B03,0,25,1,1338.33513,0.05,0.19,0.76,0.055,4.8
164,10130,O03,25,40,2,1626.837868,0.05,0.16,0.79,0.003,4.8
164,10130,O03,40,120,3,1631.722235,0.05,0.16,0.79,0.002,5.2
165,10140,B03,0,25,1,1343.531409,0.05,0.19,0.76,0.055,4.8
165,10140,O03,25,40,2,1634.522355,0.05,0.16,0.79,0.003,4.8
165,10140,O02,40,70,3,1663.344622,0.03,0.11,0.86,0.002,5
165,10140,O05,70,120,4,1533.293489,0.03,0.05,0.92,0.002,4.8
166,10150,B03,0,25,1,1306.17021,0.06,0.18,0.76,0.065,4.8
166,10150,O03,25,50,2,1590.540725,0.06,0.18,0.76,0.008,4.8
166,10150,O03,50,90,3,1632.449071,0.05,0.17,0.78,0.003,4.8
166,10150,O06,90,120,4,1549.562258,0.16,0.19,0.65,0.003,4.5
167,10151,B03,0,25,1,1293.602348,0.06,0.22,0.72,0.065,4.8
167,10151,O03,25,50,2,1571.943736,0.06,0.22,0.72,0.008,4.8
167,10151,O03,50,90,3,1622.778397,0.05,0.17,0.78,0.003,5
167,10151,O14,90,120,4,1588.704831,0.12,0.58,0.3,0.003,5.3
168,10170,B05,0,20,1,1355.291092,0.03,0.09,0.88,0.04,4.8
168,10170,O05,20,70,2,1563.455493,0.03,0.09,0.88,0.004,4.8
168,10170,O05,70,120,3,1579.608969,0.02,0.06,0.92,0.002,4.8
169,90210186,B01,0,8,1,1450.692414,0.02,0.06,0.92,0.035,3.5
169,90210186,O01,8,40,2,1673.795023,0.02,0.04,0.94,0.003,4.6
169,90210186,O01,40,120,3,1673.795023,0.02,0.04,0.94,0.003,4.8
170,90110186,B02,0,20,1,1508.265231,0.03,0.07,0.9,0.02,4.7
170,90110186,O01,20,120,2,1670.99454,0.02,0.06,0.92,0.003,4.8
171,10182,B01,0,8,1,1450.692414,0.02,0.06,0.92,0.035,3.5
171,10182,O01,8,40,2,1673.795023,0.02,0.04,0.94,0.003,4.6
171,10182,O01,40,100,3,1673.795023,0.02,0.04,0.94,0.003,4.8
171,10182,O05,100,120,4,1516.080707,0.02,0.04,0.94,0.003,4.8
172,10186,B01,0,8,1,1431.280222,0.02,0.06,0.92,0.035,3.5
172,10186,O01,8,40,2,1648.005956,0.02,0.04,0.94,0.003,4.6
172,10186,O01,40,120,3,1654.975031,0.02,0.02,0.96,0.002,5.4
173,10190,B09,0,15,1,1267.537593,0.2,0.15,0.65,0.06,4.9
173,10190,O10,15,35,2,1445.660623,0.18,0.12,0.7,0.018,4.9
173,10190,O01,35,120,3,1674.983132,0.03,0.04,0.93,0.003,5
174,10191,B09,0,15,1,1267.537593,0.2,0.15,0.65,0.06,4.9
174,10191,O10,15,35,2,1445.660623,0.18,0.12,0.7,0.018,4.9
174,10191,O05,35,120,3,1554.951708,0.02,0.04,0.94,0.003,5
175,10195,B09,0,15,1,1267.537593,0.2,0.15,0.65,0.06,7.2
175,10195,O10,15,35,2,1445.660623,0.18,0.12,0.7,0.018,7.2
175,10195,O01,35,120,3,1674.983132,0.03,0.04,0.93,0.003,5
176,10200,B03,0,15,1,1420.016429,0.06,0.16,0.78,0.035,4.8
176,10200,O03,15,35,2,1615.881648,0.06,0.16,0.78,0.006,4.8
176,10200,O03,35,60,3,1650.776281,0.04,0.14,0.82,0.002,4.8
176,10200,O02,60,120,4,1672.924358,0.03,0.08,0.89,0.002,5
177,10201,B03,0,15,1,1420.016429,0.06,0.16,0.78,0.035,4.8
177,10201,O03,15,90,2,1630.424491,0.06,0.16,0.78,0.003,4.8
177,10201,O14,90,120,3,1578.73496,0.13,0.57,0.3,0.003,4.8
178,10210,B03,0,15,1,1420.016429,0.06,0.16,0.78,0.035,4.8
178,10210,O03,15,50,2,1615.881648,0.06,0.16,0.78,0.006,4.8
178,10210,O02,50,90,3,1660.363766,0.04,0.1,0.86,0.003,4.8
178,10210,O01,90,120,4,1669.298815,0.03,0.06,0.91,0.003,5
179,10211,B02,0,15,1,1440.518061,0.04,0.11,0.85,0.035,4.8
179,10211,O02,15,45,2,1642.481948,0.04,0.11,0.85,0.006,4.8
179,10211,O02,45,70,3,1667.790597,0.04,0.07,0.89,0.003,4.8
179,10211,O01,70,120,4,1677.656432,0.04,0.03,0.93,0.002,4.8
180,10220,B09,0,15,1,1384.621162,0.18,0.17,0.65,0.035,5
180,10220,O10,15,35,2,1449.311513,0.18,0.17,0.65,0.017,5
180,10220,O03,35,80,3,1630.424491,0.04,0.18,0.78,0.003,5
180,10220,O02,80,120,4,1650.578139,0.03,0.08,0.89,0.003,5.6
181,10221,B09,0,15,1,1384.621162,0.18,0.17,0.65,0.035,5
181,10221,O10,15,35,2,1449.311513,0.18,0.17,0.65,0.017,5
181,10221,O01,35,90,3,1674.983132,0.03,0.04,0.93,0.003,5
181,10221,O01,90,120,4,1674.983132,0.03,0.04,0.93,0.003,6.5
182,10230,B05,0,20,1,1397.45453,0.02,0.04,0.94,0.03,4.7
182,10230,O05,20,30,2,1554.951708,0.02,0.04,0.94,0.008,5
182,10230,O05,30,120,3,1577.518993,0.02,0.04,0.94,0.003,6.3
183,10240,B01,0,6,1,1473.33696,0.02,0.03,0.95,0.03,3.4
183,10240,O01,6,10,2,1629.696032,0.02,0.03,0.95,0.012,3.4
183,10240,O01,10,15,3,1600.893014,0.02,0.03,0.95,0.018,4.2
183,10240,O01,15,120,4,1680.075459,0.02,0.03,0.95,0.002,4.5
184,10241,B01,0,6,1,1473.33696,0.02,0.03,0.95,0.03,3.4
184,10241,O01,6,10,2,1629.696032,0.02,0.03,0.95,0.012,3.4
184,10241,O01,10,15,3,1600.893014,0.02,0.03,0.95,0.018,4.2
184,10241,O01,15,35,4,1680.075459,0.02,0.03,0.95,0.002,4.2
184,10241,O01,35,43,5,1474.548002,0.03,0.06,0.91,0.046,3.4
184,10241,O01,43,55,6,1581.843172,0.03,0.06,0.91,0.021,3.5
184,10241,O01,55,70,7,1490.726368,0.03,0.06,0.91,0.042,4.2
184,10241,O01,70,90,8,1645.695024,0.03,0.05,0.92,0.008,4.5
184,10241,O01,90,120,9,1667.71993,0.02,0.04,0.94,0.003,4.6
185,10250,B01,0,6,1,1473.33696,0.02,0.03,0.95,0.03,3.4
185,10250,O01,6,10,2,1629.696032,0.02,0.03,0.95,0.012,3.4
185,10250,O01,10,15,3,1600.893014,0.02,0.03,0.95,0.018,4.2
185,10250,O01,15,90,4,1680.075459,0.02,0.03,0.95,0.002,4.5
185,10250,O05,90,120,5,1535.651107,0.02,0.04,0.94,0.002,4.7
186,10251,B01,0,6,1,1473.33696,0.02,0.03,0.95,0.03,3.4
186,10251,O01,6,10,2,1629.696032,0.02,0.03,0.95,0.012,3.4
186,10251,O01,10,15,3,1600.893014,0.02,0.03,0.95,0.018,4.2
186,10251,O01,15,30,4,1680.075459,0.02,0.03,0.95,0.002,4.2
186,10251,O02,30,45,5,1400.651725,0.04,0.1,0.86,0.04,3.5
186,10251,O02,45,60,6,1501.245983,0.04,0.1,0.86,0.014,4.4
186,10251,O05,60,90,7,1476.160286,0.03,0.09,0.88,0.007,4.5
186,10251,O05,90,120,8,1501.912454,0.02,0.03,0.95,0.003,4.7
187,10260,B05,0,5,1,1440.728992,0.02,0.02,0.96,0.022,3.6
187,10260,O05,5,120,2,1599.250109,0.02,0.02,0.96,0.002,4
188,10270,B02,0,8,1,1467.537999,0.03,0.07,0.9,0.03,3.4
188,10270,O02,8,30,2,1642.215822,0.03,0.07,0.9,0.008,4.2
188,10270,O01,30,120,3,1676.148075,0.03,0.05,0.92,0.002,4.6
189,90110280,B03,0,20,1,1484.567172,0.06,0.18,0.76,0.015,4.8
189,90110280,O03,20,40,2,1590.540725,0.06,0.18,0.76,0.008,4.8
189,90110280,O03,40,70,3,1618.969126,0.06,0.18,0.76,0.002,4.8
189,90110280,O02,70,120,4,1665.451837,0.03,0.11,0.86,0.002,4.8
190,90210280,B03,0,8,1,1407.663594,0.06,0.18,0.76,0.035,3.8
190,90210280,O03,8,15,2,1572.136696,0.06,0.18,0.76,0.012,4.2
190,90210280,O03,15,30,3,1590.540725,0.06,0.18,0.76,0.008,4.8
190,90210280,O03,30,70,4,1618.969126,0.06,0.18,0.76,0.002,4.8
190,90210280,O02,70,120,5,1670.625666,0.03,0.09,0.88,0.002,4.8
191,10281,B03,0,20,1,1484.567172,0.06,0.18,0.76,0.015,4.8
191,10281,O03,20,40,2,1590.540725,0.06,0.18,0.76,0.008,4.8
191,10281,O03,40,70,3,1618.969126,0.06,0.18,0.76,0.002,4.8
191,10281,O02,70,90,4,1665.451837,0.04,0.1,0.86,0.002,4.8
191,10281,O05,90,120,5,1518.01096,0.03,0.05,0.92,0.002,4.8
192,10290,B05,0,20,1,1422.660499,0.03,0.11,0.86,0.02,4.8
192,10290,O05,20,35,2,1541.239589,0.03,0.11,0.86,0.008,4.8
192,10290,O05,35,80,3,1572.502914,0.03,0.09,0.88,0.002,4.8
192,10290,O05,80,120,4,1518.01096,0.02,0.06,0.92,0.002,4.8
193,11010,B02,0,20,1,1446.553875,0.04,0.08,0.88,0.035,7.2
193,11010,O02,20,30,2,1620.802973,0.04,0.08,0.88,0.012,7.2
193,11010,O01,30,120,3,1676.288401,0.02,0.04,0.94,0.003,7.2
194,11020,B04,0,25,1,1117.688968,0.03,0.52,0.45,0.02,7.4
194,11020,O04,25,120,2,1202.756777,0.03,0.52,0.45,0.003,7.4
195,11021,B04,0,25,1,1117.688968,0.03,0.52,0.45,0.02,7.4
195,11021,O04,25,70,2,1202.756777,0.03,0.52,0.45,0.003,7.4
195,11021,O18,70,120,3,460,0.13,0.72,0.15,0.65,5.3
196,11030,B08,0,30,1,1447.887854,0.16,0.24,0.6,0.022,7.4
196,11030,O02,30,40,2,1595.678904,0.06,0.04,0.9,0.008,7.4
196,11030,O02,40,120,3,1595.678904,0.06,0.04,0.9,0.003,7.4
197,11031,B08,0,30,1,1447.887854,0.16,0.24,0.6,0.022,7.4
197,11031,O04,30,120,2,1202.756777,0.03,0.52,0.45,0.003,7.4
198,11032,B08,0,30,1,1447.887854,0.16,0.24,0.6,0.022,7.4
198,11032,O01,30,120,2,1664.939722,0.02,0.06,0.92,0.003,7.4
199,90111040,B02,0,25,1,1489.042511,0.06,0.04,0.9,0.015,7.4
199,90111040,O02,25,40,2,1595.678904,0.06,0.04,0.9,0.008,7.4
199,90111040,O02,40,120,3,1624.292928,0.06,0.04,0.9,0.002,7.4
200,90211040,B02,0,5,1,1484.973922,0.06,0.04,0.9,0.016,7.4
200,90211040,O02,5,40,2,1595.678904,0.06,0.04,0.9,0.008,7.4
200,90211040,O02,40,120,3,1624.292928,0.06,0.04,0.9,0.002,7.4
201,90111050,B02,0,25,1,1524.414168,0.06,0.04,0.9,0.015,7.4
201,90111050,O02,25,45,2,1656.31551,0.06,0.04,0.9,0.004,7.4
201,90111050,O01,45,120,3,1670.055921,0.04,0.04,0.92,0.002,7.4
202,90211050,B01,0,5,1,1430.644095,0.02,0.02,0.96,0.04,7
202,90211050,O01,5,50,2,1674.857095,0.02,0.02,0.96,0.002,7.4
202,90211050,O01,50,120,3,1674.857095,0.02,0.02,0.96,0.002,7.4
203,11051,B03,0,25,1,1499.885173,0.06,0.14,0.8,0.015,7.4
203,11051,O03,25,45,2,1627.398345,0.06,0.14,0.8,0.004,7.4
203,11051,O01,45,80,3,1670.055921,0.04,0.04,0.92,0.002,7.4
203,11051,O09,80,120,4,1557.647658,0.17,0.33,0.5,0.002,7.4
204,11060,O05,0,120,1,1541.714483,0.01,0.01,0.98,0.003,7.4
205,11061,B05,0,5,1,1469.230211,0.01,0.01,0.98,0.003,5.1
205,11061,O05,5,40,2,1541.714483,0.01,0.01,0.98,0.003,5.1
205,11061,O05,40,120,3,1541.714483,0.01,0.01,0.98,0.003,7.4
206,11070,B01,0,7,1,1481.886432,0.01,0.02,0.97,0.027,6.2
206,11070,O01,7,120,2,1676.061705,0.01,0.01,0.98,0.002,7.5
207,11071,B01,0,7,1,1481.886432,0.01,0.02,0.97,0.027,6
207,11071,O01,7,40,2,1676.061705,0.01,0.01,0.98,0.002,7.2
207,11071,O01,40,120,3,1676.061705,0.01,0.01,0.98,0.002,7.5
208,12010,B03,0,25,1,1229.719931,0.07,0.23,0.7,0.017,7.4
208,12010,O03,25,120,2,1310.971149,0.07,0.23,0.7,0.007,7.4
209,12011,B03,0,25,1,1229.719931,0.07,0.23,0.7,0.017,7.4
209,12011,O03,25,90,2,1310.971149,0.07,0.23,0.7,0.007,7.4
209,12011,O18,90,120,3,500,0.13,0.72,0.15,0.55,5.3
210,12020,B08,0,25,1,1497.28554,0.12,0.28,0.6,0.018,7.4
210,12020,O09,25,35,2,1531.933146,0.12,0.28,0.6,0.01,7.4
210,12020,O03,35,120,3,1310.971149,0.07,0.23,0.7,0.007,7.4
211,13010,O09,0,50,1,1418.849704,0.16,0.16,0.68,0.03,7.8
211,13010,O08,50,75,2,1507.443111,0.1,0.12,0.78,0.02,7.8
211,13010,O02,75,120,3,1519.891738,0.05,0.07,0.88,0.005,7.4
212,13020,O10,0,50,1,1324.566313,0.18,0.2,0.62,0.05,7.8
212,13020,O09,50,110,2,1489.591588,0.12,0.18,0.7,0.02,7.8
212,13020,O02,110,120,3,1519.891738,0.05,0.07,0.88,0.005,7.4
213,13030,B10,0,5,1,865.7284511,0.25,0.4,0.35,0.14,7.8
213,13030,O11,5,10,2,1277.483314,0.25,0.4,0.35,0.05,7.8
213,13030,O11,10,40,3,1350.308904,0.25,0.4,0.35,0.03,7.8
213,13030,O09,40,60,4,1489.591588,0.12,0.18,0.7,0.02,7.8
213,13030,O02,60,120,5,1519.891738,0.05,0.07,0.88,0.005,7.4
214,13040,B10,0,10,1,1030.652597,0.3,0.45,0.25,0.1,7.8
214,13040,O11,10,35,2,1245.851177,0.3,0.45,0.25,0.05,7.8
214,13040,O11,35,90,3,1315.017273,0.3,0.45,0.25,0.03,7.8
214,13040,O09,90,120,4,1531.933146,0.12,0.18,0.7,0.01,7.8
215,15010,B09,0,20,1,1134.619713,0.18,0.22,0.6,0.09,5.3
215,15010,O10,20,35,2,1280.440494,0.18,0.37,0.45,0.06,5
215,15010,O12,35,70,3,1246.105995,0.45,0.35,0.2,0.02,4.4
215,15010,O17,70,120,4,350,0.45,0.5,0.05,0.75,4.4
216,15020,B11,0,25,1,1009.964267,0.35,0.45,0.2,0.1,5.3
216,15020,O12,25,65,2,1190.922925,0.45,0.45,0.1,0.04,5.5
216,15020,O17,65,120,3,350,0.45,0.5,0.05,0.75,4.4
217,15030,B10,0,20,1,1065.576607,0.22,0.28,0.5,0.1,5.7
217,15030,B10,20,30,2,1254.89214,0.22,0.58,0.2,0.06,5.7
217,15030,O11,30,60,3,1301.41181,0.32,0.53,0.15,0.03,5.7
217,15030,O10,60,120,4,1508.076942,0.18,0.27,0.55,0.0051,7.3
218,15040,B11,0,25,1,922.1169108,0.35,0.5,0.15,0.12,5.7
218,15040,O12,25,55,2,1219.794975,0.4,0.55,0.05,0.04,5.7
218,15040,O12,55,75,3,1219.794975,0.4,0.55,0.05,0.04,7.3
218,15040,O11,75,120,4,1383.125958,0.25,0.4,0.35,0.02,7.3
219,15041,B11,0,25,1,922.1169108,0.35,0.5,0.15,0.12,5.3
219,15041,O12,25,40,2,1219.794975,0.4,0.55,0.05,0.04,3.8
219,15041,O12,40,70,3,1249.69338,0.4,0.55,0.05,0.03,3.4
219,15041,O12,70,120,4,1249.69338,0.4,0.55,0.05,0.03,7.4
220,90115050,B09,0,35,1,1365.448868,0.18,0.34,0.48,0.04,7.2
220,90115050,O10,35,80,2,1494.294963,0.18,0.34,0.48,0.007,7.2
220,90115050,O09,80,120,3,1524.388819,0.14,0.3,0.56,0.008,7.2
221,90215050,B09,0,15,1,1134.619713,0.18,0.34,0.48,0.09,6.6
221,90215050,B09,15,35,2,1365.448868,0.18,0.34,0.48,0.04,7
221,90215050,O10,35,80,3,1494.294963,0.18,0.34,0.48,0.007,7.2
221,90215050,O09,80,120,4,1524.388819,0.14,0.3,0.56,0.008,7.2
222,15051,B08,0,15,1,1155.464823,0.14,0.21,0.65,0.09,6.6
222,15051,B08,15,35,2,1395.751523,0.14,0.21,0.65,0.04,7
222,15051,O09,35,60,3,1543.08935,0.12,0.18,0.7,0.008,7.4
222,15051,O01,60,120,4,1673.479576,0.04,0.04,0.92,0.003,7.4
223,90115060,B10,0,25,1,1218.425662,0.28,0.42,0.3,0.06,7
223,90115060,B10,25,40,2,1281.95283,0.3,0.45,0.25,0.04,7.1
223,90115060,O12,40,70,3,1305.138557,0.4,0.45,0.15,0.011,7.1
223,90115060,O11,70,120,4,1434.644238,0.25,0.35,0.4,0.007,7.1
224,90215060,B10,0,20,1,977.1574641,0.32,0.38,0.3,0.11,6.6
224,90215060,B10,20,40,2,1250.101723,0.35,0.4,0.25,0.04,7.1
224,90215060,O12,40,70,3,1305.138557,0.4,0.45,0.15,0.011,7.1
224,90215060,O11,70,120,4,1434.644238,0.25,0.35,0.4,0.007,7.1
225,15070,B12,0,20,1,1049.425232,0.36,0.39,0.25,0.09,5.8
225,15070,B12,20,35,2,1225.738194,0.39,0.46,0.15,0.04,5.8
225,15070,O12,35,60,3,1272.139725,0.45,0.45,0.1,0.011,5.8
225,15070,O11,60,120,4,1402.64864,0.29,0.36,0.35,0.007,7.4
226,15071,B11,0,25,1,1049.425232,0.36,0.39,0.25,0.09,5.8
226,15071,O12,25,45,2,1255.932263,0.39,0.46,0.15,0.03,5.8
226,15071,O18,45,75,3,470,0.45,0.45,0.1,0.6,5
226,15071,O11,75,100,4,1288.084994,0.34,0.41,0.25,0.03,5.8
226,15071,O10,100,120,5,1453.909724,0.22,0.33,0.45,0.008,7.4
227,15080,B09,0,30,1,1350.78566,0.2,0.3,0.5,0.04,5.8
227,15080,O10,30,70,2,1423.280537,0.24,0.36,0.4,0.011,5.8
227,15080,O09,70,120,3,1530.662415,0.14,0.26,0.6,0.007,7.3
228,15090,B11,0,25,1,958.5416228,0.37,0.38,0.25,0.11,5.8
228,15090,B11,25,35,2,1225.738194,0.39,0.46,0.15,0.04,5.8
228,15090,O12,35,70,3,1259.836435,0.45,0.45,0.1,0.015,5.8
228,15090,O12,70,110,4,1352.309639,0.35,0.45,0.2,0.008,7
228,15090,O10,110,120,5,1453.909724,0.22,0.33,0.45,0.008,7.3
229,15100,O09,0,25,1,1410.892373,0.17,0.33,0.5,0.03,7
229,15100,O09,25,40,2,1486.668302,0.17,0.33,0.5,0.01,7.3
229,15100,O11,40,60,3,1395.926686,0.28,0.37,0.35,0.01,7.3
229,15100,O17,60,75,4,400,0.45,0.35,0.2,0.45,4.6
229,15100,O17,75,120,5,350,0.45,0.35,0.2,0.85,4.6
230,15101,B09,0,25,1,1364.961708,0.23,0.27,0.5,0.03,7
230,15101,O11,25,50,2,1380.605257,0.3,0.35,0.35,0.01,7.3
230,15101,O17,50,65,3,400,0.4,0.4,0.2,0.45,4.6
230,15101,O17,65,120,4,350,0.4,0.4,0.2,0.85,4.6
231,15110,B10,0,20,1,1189.617632,0.33,0.37,0.3,0.06,7
231,15110,O11,20,55,2,1358.243519,0.33,0.37,0.3,0.01,7.3
231,15110,O17,55,65,3,400,0.4,0.4,0.2,0.45,4.6
231,15110,O17,65,120,4,350,0.4,0.4,0.2,0.85,4.6
232,15111,B11,0,20,1,1073.520187,0.4,0.4,0.2,0.08,5
232,15111,O12,20,55,2,1272.582237,0.43,0.37,0.2,0.015,5
232,15111,O17,55,70,3,400,0.4,0.4,0.2,0.45,4.6
232,15111,O17,70,120,4,350,0.4,0.4,0.2,0.85,4.6
233,15120,B09,0,15,1,1061.082216,0.23,0.37,0.4,0.1,5.3
233,15120,O10,15,40,2,1364.961708,0.23,0.37,0.4,0.03,5.5
233,15120,O11,40,60,3,1372.725151,0.3,0.4,0.3,0.012,5.5
233,15120,O17,60,80,4,400,0.4,0.45,0.15,0.45,4.6
233,15120,O17,80,120,5,350,0.4,0.45,0.15,0.85,4.6
234,15130,B11,0,8,1,905.5213543,0.4,0.55,0.05,0.12,5.1
234,15130,B11,8,20,2,1113.478292,0.4,0.55,0.05,0.07,5.1
234,15130,O12,20,50,3,1219.406189,0.45,0.5,0.05,0.03,5.1
234,15130,O17,50,70,4,400,0.4,0.55,0.05,0.45,4.6
234,15130,O17,70,120,5,350,0.4,0.55,0.05,0.85,4.6
235,15131,B11,0,8,1,889.5125855,0.45,0.5,0.05,0.12,5.1
235,15131,B12,8,20,2,1044.155608,0.55,0.4,0.05,0.07,3.6
235,15131,O13,20,50,3,1111.640641,0.65,0.3,0.05,0.03,3.4
235,15131,O17,50,70,4,400,0.4,0.55,0.05,0.45,4.6
235,15131,O17,70,120,5,350,0.4,0.55,0.05,0.85,4.6
236,15132,B11,0,8,1,905.5213543,0.4,0.55,0.05,0.12,5.1
236,15132,B11,8,20,2,1089.370116,0.45,0.5,0.05,0.07,4.8
236,15132,O13,20,50,3,1190.552322,0.5,0.45,0.05,0.03,4.8
236,15132,O17,50,70,4,400,0.4,0.55,0.05,0.45,4.6
236,15132,O17,70,110,5,350,0.4,0.55,0.05,0.85,4.6
236,15132,O02,110,120,6,1650,0.04,0.08,0.88,0.006,4.7
237,15140,B07,0,10,1,1239.677116,0.17,0.23,0.6,0.07,7.1
237,15140,O09,10,50,2,1446.759361,0.17,0.23,0.6,0.02,7.5
237,15140,O09,50,110,3,1489.591588,0.12,0.18,0.7,0.02,7.8
237,15140,O02,110,120,4,1519.891738,0.05,0.07,0.88,0.005,7.4
238,15160,B10,0,15,1,1014.03522,0.34,0.56,0.1,0.1,7.1
238,15160,O11,15,50,2,1256.344694,0.34,0.56,0.1,0.04,7.4
238,15160,O11,50,90,3,1281.95283,0.3,0.55,0.15,0.04,7.4
238,15160,O10,90,120,4,1336.434034,0.22,0.38,0.4,0.04,7.4
239,15170,B11,0,10,1,1053.82121,0.35,0.55,0.1,0.09,5
239,15170,B11,10,20,2,1198.373918,0.38,0.52,0.1,0.05,5
239,15170,O12,20,70,3,1237.399737,0.42,0.53,0.05,0.03,5
239,15170,O11,70,100,4,1315.017273,0.3,0.55,0.15,0.03,7.3
239,15170,O10,100,120,5,1406.321511,0.22,0.38,0.4,0.02,7.4
240,15171,B11,0,10,1,1032.202052,0.4,0.55,0.05,0.09,5
240,15171,B11,10,20,2,1187.064667,0.4,0.55,0.05,0.05,5
240,15171,O12,20,40,3,1219.406189,0.45,0.53,0.02,0.03,5
240,15171,O12,40,90,4,1219.406189,0.45,0.53,0.02,0.03,5
240,15171,O17,90,120,5,400,0.4,0.55,0.05,0.85,4.6
241,15180,B08,0,25,1,1483.497303,0.14,0.26,0.6,0.017,7.3
241,15180,O09,25,50,2,1543.08935,0.12,0.25,0.63,0.008,7.4
241,15180,O08,50,70,3,1565.222854,0.08,0.13,0.79,0.008,7.4
241,15180,O01,70,120,4,1630.093921,0.03,0.06,0.91,0.004,7.4
242,15190,B08,0,25,1,1483.497303,0.14,0.26,0.6,0.017,7.2
242,15190,O09,25,40,2,1524.388819,0.14,0.23,0.63,0.008,7.3
242,15190,O10,40,65,3,1453.909724,0.22,0.43,0.35,0.008,7.3
242,15190,O01,65,120,4,1664.541811,0.03,0.06,0.91,0.004,4.6
243,15200,B09,0,25,1,1406.321511,0.22,0.43,0.35,0.02,7.3
243,15200,O10,25,50,2,1453.909724,0.22,0.43,0.35,0.008,7.4
243,15200,O09,50,70,3,1533.682082,0.13,0.22,0.65,0.008,7.4
243,15200,O01,70,120,4,1630.093921,0.03,0.06,0.91,0.004,7.4
244,15210,B09,0,25,1,1406.321511,0.22,0.43,0.35,0.02,7.3
244,15210,O10,25,50,2,1444.001617,0.22,0.43,0.35,0.01,7.4
244,15210,O09,50,65,3,1533.682082,0.13,0.32,0.55,0.008,7.3
244,15210,O01,65,120,4,1664.541811,0.03,0.06,0.91,0.004,4.6
245,15220,B10,0,25,1,1309.874978,0.33,0.44,0.23,0.025,7.3
245,15220,O11,25,50,2,1380.605257,0.3,0.42,0.28,0.01,7.4
245,15220,O09,50,70,3,1506.136119,0.16,0.22,0.62,0.008,7.4
245,15220,O01,70,120,4,1630.093921,0.03,0.06,0.91,0.004,7.4
246,15230,B10,0,25,1,1309.874978,0.33,0.52,0.15,0.025,7
246,15230,O11,25,40,2,1380.605257,0.3,0.55,0.15,0.01,7.2
246,15230,O10,40,65,3,1445.555438,0.23,0.38,0.39,0.008,7.3
246,15230,O01,65,120,4,1664.541811,0.03,0.06,0.91,0.004,4.6
247,90115240,B08,0,25,1,1472.157921,0.14,0.34,0.52,0.02,7.4
247,90115240,O09,25,50,2,1524.388819,0.14,0.34,0.52,0.008,7.4
247,90115240,O08,50,120,3,1578.689163,0.09,0.26,0.65,0.007,7.4
248,90215240,B08,0,15,1,1395.751523,0.14,0.34,0.52,0.04,7.1
248,90215240,O09,15,25,2,1435.03671,0.14,0.34,0.52,0.03,7.1
248,90215240,O09,25,50,3,1524.388819,0.14,0.34,0.52,0.008,7.4
248,90215240,O10,50,80,4,1476.751677,0.2,0.39,0.41,0.007,7.4
248,90215240,O08,80,120,5,1578.689163,0.09,0.26,0.65,0.007,7.4
249,15241,B08,0,15,1,1395.751523,0.14,0.34,0.52,0.04,7.1
249,15241,B08,15,25,2,1435.03671,0.14,0.34,0.52,0.03,7.1
249,15241,O09,25,50,3,1524.388819,0.14,0.34,0.52,0.008,7.4
249,15241,O08,50,90,4,1578.689163,0.09,0.26,0.65,0.007,7.4
249,15241,O01,90,120,5,1664.541811,0.03,0.06,0.91,0.004,4.6
250,15250,B08,0,25,1,1472.157921,0.14,0.34,0.52,0.02,7.1
250,15250,O09,25,50,2,1524.388819,0.14,0.34,0.52,0.008,7.1
250,15250,O08,50,85,3,1595.029763,0.09,0.26,0.65,0.005,7.1
250,15250,O12,85,105,4,1315.625021,0.39,0.51,0.1,0.01,7.1
250,15250,O17,105,120,5,380,0.4,0.55,0.05,0.85,4.6
251,15251,B08,0,25,1,1472.157921,0.14,0.34,0.52,0.02,7.4
251,15251,O09,25,50,2,1524.388819,0.14,0.34,0.52,0.008,7.4
251,15251,O17,50,80,3,490,0.4,0.55,0.05,0.55,4.6
251,15251,O12,80,105,4,1249.69338,0.4,0.55,0.05,0.03,5.2
251,15251,O12,105,120,5,1316.91472,0.4,0.55,0.05,0.008,7.4
252,15260,B08,0,25,1,1472.157921,0.14,0.34,0.52,0.02,7.2
252,15260,B08,25,40,2,1513.500424,0.14,0.34,0.52,0.01,7.2
252,15260,O09,40,70,3,1524.388819,0.14,0.34,0.52,0.008,7.4
252,15260,O08,70,120,4,1578.689163,0.09,0.26,0.65,0.007,7.4
253,90115270,B09,0,25,1,1406.321511,0.22,0.43,0.35,0.02,7.4
253,90115270,O10,25,50,2,1435.383457,0.22,0.43,0.35,0.012,7.4
253,90115270,O09,50,120,3,1537.757965,0.14,0.34,0.52,0.006,7.4
254,90215270,B09,0,15,1,1297.245538,0.22,0.43,0.35,0.05,7
254,90215270,B09,15,25,2,1351.185864,0.22,0.43,0.35,0.036,7
254,90215270,O10,25,50,3,1435.383457,0.22,0.43,0.35,0.012,7.4
254,90215270,O09,50,120,4,1537.757965,0.14,0.34,0.52,0.006,7.4
255,15280,B09,0,25,1,1389.455019,0.22,0.43,0.35,0.025,7.4
255,15280,O10,25,50,2,1444.001617,0.22,0.43,0.35,0.01,7.4
255,15280,O11,50,90,3,1413.076813,0.27,0.48,0.25,0.008,7.4
255,15280,O01,90,120,4,1664.541811,0.03,0.06,0.91,0.004,4.6
256,15290,B09,0,10,1,1297.245538,0.22,0.43,0.35,0.05,7
256,15290,B09,10,25,2,1351.185864,0.22,0.43,0.35,0.036,7
256,15290,O10,25,50,3,1444.001617,0.22,0.43,0.35,0.01,7.3
256,15290,O10,50,105,4,1518.459774,0.18,0.34,0.48,0.004,7.3
256,15290,O17,105,120,5,450,0.4,0.55,0.05,0.65,4.6
257,15291,B09,0,10,1,1297.245538,0.22,0.43,0.35,0.05,7
257,15291,B09,10,25,2,1351.185864,0.22,0.43,0.35,0.036,7
257,15291,O10,25,50,3,1444.001617,0.22,0.43,0.35,0.01,7.3
257,15291,O17,50,80,4,500,0.4,0.55,0.05,0.55,4.6
257,15291,O11,80,120,5,1395.926686,0.28,0.52,0.2,0.01,7.3
258,15300,B09,0,25,1,1406.321511,0.22,0.43,0.35,0.02,7.2
258,15300,B09,25,35,2,1444.001617,0.22,0.43,0.35,0.01,7.2
258,15300,O10,35,60,3,1435.383457,0.22,0.43,0.35,0.012,7.4
258,15300,O09,60,120,4,1537.757965,0.14,0.34,0.52,0.006,7.4
259,15310,B09,0,25,1,1406.321511,0.22,0.53,0.25,0.02,7.4
259,15310,O10,25,40,2,1435.383457,0.22,0.53,0.25,0.012,7.4
259,15310,O11,40,70,3,1426.509268,0.26,0.49,0.25,0.007,7.4
259,15310,O10,70,120,4,1483.355133,0.2,0.55,0.25,0.006,7.4
260,15311,B09,0,25,1,1422.222321,0.2,0.55,0.25,0.02,7.4
260,15311,O10,25,70,2,1488.315355,0.18,0.52,0.3,0.008,7.4
260,15311,O09,70,110,3,1515.207501,0.15,0.5,0.35,0.008,7.4
260,15311,O17,110,120,4,420,0.2,0.3,0.5,0.85,4.6
261,90115320,B10,0,25,1,1330.660236,0.3,0.45,0.25,0.025,7.3
261,90115320,O11,25,40,2,1372.725151,0.3,0.45,0.25,0.012,7.4
261,90115320,O11,40,80,3,1405.183922,0.28,0.44,0.28,0.008,7.4
261,90115320,O09,80,120,4,1521.4056,0.15,0.23,0.62,0.007,7.4
262,90215320,B10,0,10,1,1165.044029,0.3,0.45,0.25,0.07,7
262,90215320,B10,10,25,2,1330.660236,0.3,0.45,0.25,0.025,7
262,90215320,O11,25,40,3,1372.725151,0.3,0.45,0.25,0.012,7.4
262,90215320,O11,40,80,4,1405.183922,0.28,0.44,0.28,0.008,7.4
262,90215320,O09,80,120,5,1521.4056,0.15,0.23,0.62,0.007,7.4
263,15330,B10,0,25,1,1330.660236,0.3,0.45,0.25,0.025,7.2
263,15330,O11,25,40,2,1372.725151,0.3,0.45,0.25,0.012,7.4
263,15330,O11,40,70,3,1405.183922,0.28,0.47,0.25,0.008,7.4
263,15330,O10,70,100,4,1357.595769,0.24,0.36,0.4,0.03,7.4
263,15330,O01,100,120,5,1664.541811,0.03,0.06,0.91,0.004,4.6
264,15340,B10,0,10,1,1165.044029,0.3,0.45,0.25,0.07,7
264,15340,B10,10,25,2,1315.017273,0.3,0.45,0.25,0.03,7
264,15340,O11,25,70,3,1389.659738,0.3,0.45,0.25,0.008,7.4
264,15340,O12,70,100,4,1219.406189,0.45,0.45,0.1,0.03,7.4
264,15340,O17,100,120,5,420,0.2,0.3,0.5,0.85,4.6
265,15350,B10,0,25,1,1315.017273,0.3,0.62,0.08,0.03,7.4
265,15350,O11,25,50,2,1362.158731,0.3,0.62,0.08,0.015,7.4
265,15350,O11,50,80,3,1354.321389,0.33,0.65,0.02,0.011,7.4
265,15350,O10,80,120,4,1477.934439,0.18,0.68,0.14,0.01,7.4
266,15351,B10,0,25,1,1335.967354,0.27,0.63,0.1,0.03,7.4
266,15351,O11,25,50,2,1384.650639,0.27,0.63,0.1,0.015,7.4
266,15351,O10,50,80,3,1473.291781,0.18,0.67,0.15,0.011,7.4
266,15351,O10,80,100,4,1452.337901,0.21,0.68,0.11,0.01,7.4
266,15351,O18,100,120,5,460,0.2,0.3,0.5,0.75,4.6
267,90115360,B11,0,25,1,1235.072286,0.4,0.52,0.08,0.035,7.2
267,90115360,O12,25,60,2,1259.836435,0.45,0.47,0.08,0.015,7.3
267,90115360,O11,60,90,3,1340.385848,0.33,0.37,0.3,0.015,7.3
267,90115360,O11,90,120,4,1389.659738,0.3,0.35,0.35,0.008,7.3
268,90215360,B11,0,15,1,1113.478292,0.4,0.52,0.08,0.07,6.8
268,90215360,B11,15,25,2,1190.922925,0.45,0.47,0.08,0.04,6.8
268,90215360,O12,25,70,3,1259.836435,0.45,0.47,0.08,0.015,7.3
268,90215360,O11,70,90,4,1340.385848,0.33,0.37,0.3,0.015,7.3
268,90215360,O11,90,120,5,1389.659738,0.3,0.35,0.35,0.008,7.3
269,15361,B11,0,15,1,1113.478292,0.4,0.52,0.08,0.07,7.3
269,15361,B11,15,25,2,1219.794975,0.4,0.52,0.08,0.04,7.3
269,15361,O12,25,70,3,1292.191951,0.4,0.52,0.08,0.015,7.3
269,15361,O11,70,90,4,1340.385848,0.33,0.37,0.3,0.015,7.3
269,15361,O01,90,120,5,1664.541811,0.03,0.06,0.91,0.004,4.6
270,15370,B08,0,10,1,1245.816145,0.16,0.24,0.6,0.07,5.2
270,15370,B08,10,20,2,1380.433918,0.16,0.24,0.6,0.04,5.2
270,15370,O09,20,40,3,1495.506004,0.16,0.24,0.6,0.01,5.3
270,15370,O10,40,70,4,1453.909724,0.22,0.3,0.48,0.008,5.5
270,15370,O01,70,90,5,1611.868498,0.03,0.05,0.92,0.015,5.5
270,15370,O01,90,120,6,1666.22788,0.03,0.05,0.92,0.004,5.5
271,15380,B10,0,10,1,1149.079692,0.33,0.42,0.25,0.07,5.6
271,15380,B10,10,20,2,1227.612809,0.33,0.42,0.25,0.05,5.6
271,15380,O12,20,40,3,1275.599691,0.45,0.45,0.1,0.01,6
271,15380,O02,40,70,4,1536.431547,0.04,0.08,0.88,0.03,6
271,15380,O02,70,120,5,1658.323078,0.04,0.08,0.88,0.004,6
272,15381,B10,0,10,1,1149.079692,0.33,0.42,0.25,0.07,5.6
272,15381,B10,10,20,2,1227.612809,0.33,0.42,0.25,0.05,5.6
272,15381,O12,20,50,3,1275.599691,0.45,0.45,0.1,0.01,5.6
272,15381,O18,50,75,4,600,0.1,0.23,0.67,0.55,5.3
272,15381,O01,75,95,5,1611.868498,0.03,0.05,0.92,0.015,5.5
272,15381,O01,95,120,6,1666.22788,0.03,0.05,0.92,0.004,5.5
273,15390,B09,0,10,1,1267.537593,0.2,0.45,0.35,0.06,6
273,15390,B09,10,25,2,1350.78566,0.2,0.45,0.35,0.04,6
273,15390,O12,25,70,3,1292.191951,0.4,0.5,0.1,0.015,6
273,15390,O10,70,120,4,1453.909724,0.22,0.43,0.35,0.008,7
274,15400,B11,0,10,1,1178.472277,0.35,0.4,0.25,0.06,6
274,15400,B11,10,20,2,1250.101723,0.35,0.4,0.25,0.04,6
274,15400,O12,20,80,3,1246.105995,0.45,0.45,0.1,0.02,6
274,15400,O11,80,120,4,1429.131621,0.25,0.35,0.4,0.008,7
275,15401,B11,0,25,1,1151.501648,0.4,0.5,0.1,0.06,6
275,15401,O12,25,40,2,1246.105995,0.45,0.45,0.1,0.02,6
275,15401,O12,40,70,3,1227.86022,0.48,0.42,0.1,0.02,4
275,15401,O12,70,110,4,1277.751237,0.4,0.5,0.1,0.02,6
275,15401,O12,110,120,5,1311.045643,0.35,0.45,0.2,0.02,7.2
276,15402,B11,0,25,1,1151.501648,0.4,0.5,0.1,0.06,6
276,15402,O13,25,90,2,1247.898234,0.52,0.38,0.1,0.006,6
276,15402,O17,90,110,3,400,0.45,0.45,0.1,0.8,4.7
276,15402,O17,110,120,4,400,0.45,0.45,0.1,0.85,4.7
277,15403,B11,0,25,1,1151.501648,0.4,0.5,0.1,0.06,6
277,15403,O13,25,70,2,1247.898234,0.52,0.38,0.1,0.006,6
277,15403,O17,70,100,3,400,0.45,0.45,0.1,0.8,4.7
277,15403,O02,100,120,4,1664.358422,0.04,0.06,0.9,0.004,4.7
278,90115410,B08,0,25,1,1480.823445,0.13,0.41,0.46,0.02,6.7
278,90115410,O09,25,50,2,1527.941709,0.13,0.41,0.46,0.009,6.1
278,90115410,O08,50,90,3,1566.483775,0.11,0.39,0.5,0.006,6.1
278,90115410,O03,90,120,4,1317.326424,0.06,0.24,0.7,0.005,6.1
279,90215410,B08,0,10,1,1403.538512,0.13,0.41,0.46,0.04,6.1
279,90215410,B08,10,25,2,1462.134436,0.13,0.41,0.46,0.025,6.1
279,90215410,O09,25,50,3,1527.941709,0.13,0.41,0.46,0.009,6.1
279,90215410,O08,50,120,4,1566.483775,0.11,0.39,0.5,0.006,6.1
280,15411,B08,0,25,1,1403.538512,0.13,0.41,0.46,0.04,6.1
280,15411,O09,25,60,2,1509.604339,0.15,0.43,0.42,0.009,6.1
280,15411,O17,60,80,3,500,0.35,0.5,0.15,0.6,4.8
280,15411,O12,80,110,4,1277.751237,0.4,0.5,0.1,0.02,6
280,15411,O12,110,120,5,1311.045643,0.35,0.45,0.2,0.02,7.2
281,15420,B08,0,25,1,1480.823445,0.13,0.41,0.46,0.02,6.7
281,15420,B08,25,40,2,1500.253917,0.13,0.41,0.46,0.015,6.7
281,15420,O09,40,80,3,1547.215456,0.13,0.41,0.46,0.006,6.7
281,15420,O08,80,120,4,1576.299031,0.1,0.3,0.6,0.006,7.4
282,90115430,B09,0,25,1,1422.222321,0.2,0.5,0.3,0.02,6.7
282,90115430,O10,25,50,2,1451.952116,0.2,0.5,0.3,0.012,6.1
282,90115430,O10,50,70,3,1483.355133,0.2,0.5,0.3,0.006,6.1
282,90115430,O10,70,120,4,1501.056604,0.18,0.47,0.35,0.006,7.4
283,90215430,B09,0,10,1,1221.617758,0.2,0.5,0.3,0.07,5.8
283,90215430,B09,10,25,2,1350.78566,0.2,0.5,0.3,0.04,5.8
283,90215430,O10,25,50,3,1451.952116,0.2,0.5,0.3,0.012,6.1
283,90215430,O10,50,70,4,1483.355133,0.2,0.5,0.3,0.006,6.1
283,90215430,O10,70,120,5,1501.056604,0.18,0.47,0.35,0.006,7.4
284,15431,B09,0,10,1,1221.617758,0.2,0.5,0.3,0.07,5.8
284,15431,B09,10,25,2,1350.78566,0.2,0.5,0.3,0.04,5.8
284,15431,O10,25,60,3,1451.952116,0.2,0.5,0.3,0.012,6.1
284,15431,O17,60,80,4,500,0.35,0.5,0.15,0.6,4.8
284,15431,O12,80,110,5,1277.751237,0.4,0.5,0.1,0.02,6
284,15431,O12,110,120,6,1311.045643,0.35,0.45,0.2,0.02,7.2
285,15440,B11,0,10,1,1096.9244,0.35,0.5,0.15,0.08,5.8
285,15440,B11,10,20,2,1250.101723,0.35,0.5,0.15,0.04,5.8
285,15440,O12,20,50,3,1305.604328,0.38,0.52,0.1,0.015,6.1
285,15440,O12,50,90,4,1335.627194,0.38,0.52,0.1,0.007,7.2
285,15440,O10,90,120,5,1423.834466,0.22,0.43,0.35,0.015,7.2
286,15441,B11,0,15,1,1055.503823,0.44,0.46,0.1,0.08,5.8
286,15441,B11,15,25,2,1196.587472,0.44,0.46,0.1,0.04,5.8
286,15441,O12,25,50,3,1241.189365,0.48,0.42,0.1,0.015,6.1
286,15441,O09,50,90,4,1528.415392,0.15,0.3,0.55,0.006,7.3
286,15441,O17,90,120,5,430,0.35,0.5,0.15,0.75,4.6
287,15442,B11,0,10,1,1055.503823,0.44,0.46,0.1,0.08,5.8
287,15442,B11,10,25,2,1196.587472,0.44,0.46,0.1,0.04,5.8
287,15442,O12,25,50,3,1241.189365,0.48,0.42,0.1,0.015,6.1
287,15442,O11,50,80,4,1416.536142,0.28,0.47,0.25,0.006,7.3
287,15442,O18,80,100,5,400,0.35,0.55,0.1,0.75,4.6
287,15442,O02,100,120,6,1624.557802,0.04,0.06,0.9,0.012,4.7
288,15450,B09,0,20,1,1403.023799,0.18,0.32,0.5,0.03,5.8
288,15450,O12,20,80,2,1272.149705,0.44,0.51,0.05,0.013,5.6
288,15450,O09,80,120,3,1510.066719,0.17,0.33,0.5,0.006,7.2
289,15451,B08,0,10,1,1258.278434,0.14,0.16,0.7,0.07,5.8
289,15451,B08,10,20,2,1435.03671,0.14,0.16,0.7,0.03,5.8
289,15451,O08,20,70,3,1526.959988,0.11,0.14,0.75,0.013,5.6
289,15451,O01,70,120,4,1665.83456,0.02,0.04,0.94,0.004,7.3
290,15452,B09,0,10,1,1233.598293,0.18,0.32,0.5,0.07,5.8
290,15452,B09,10,20,2,1403.023799,0.18,0.32,0.5,0.03,5.8
290,15452,O11,20,40,3,1407.368403,0.25,0.37,0.38,0.013,5.6
290,15452,O12,40,90,4,1298.412937,0.4,0.5,0.1,0.013,5.6
290,15452,O17,90,120,5,430,0.35,0.5,0.15,0.75,4.6
291,15460,B11,0,25,1,1178.472277,0.35,0.5,0.15,0.06,5.7
291,15460,O12,25,60,2,1262.746207,0.45,0.47,0.08,0.014,5.6
291,15460,O11,60,120,3,1440.875693,0.25,0.4,0.35,0.006,7.2
292,15461,B11,0,20,1,1178.472277,0.35,0.5,0.15,0.06,5.7
292,15461,O12,20,80,2,1262.746207,0.45,0.47,0.08,0.014,5.6
292,15461,O02,80,120,3,1658.323078,0.03,0.09,0.88,0.004,4.8
293,15462,B10,0,10,1,1121.371846,0.3,0.45,0.25,0.08,5.7
293,15462,B10,10,20,2,1281.95283,0.3,0.45,0.25,0.04,5.7
293,15462,O12,20,60,3,1262.746207,0.45,0.5,0.05,0.014,5.6
293,15462,O18,60,80,4,500,0.45,0.5,0.05,0.55,5
293,15462,O12,80,110,5,1277.751237,0.4,0.5,0.1,0.02,6
293,15462,O12,110,120,6,1311.045643,0.35,0.45,0.2,0.02,7.2
294,15470,B11,0,10,1,1053.82121,0.35,0.5,0.15,0.09,5.5
294,15470,B11,10,20,2,1250.101723,0.35,0.5,0.15,0.04,5.5
294,15470,O12,20,70,3,1233.083207,0.48,0.44,0.08,0.018,5.5
294,15470,O13,70,85,4,1108.599408,0.55,0.4,0.05,0.05,5.5
294,15470,O12,85,120,5,1253.129418,0.48,0.44,0.08,0.011,5.5
295,15480,B11,0,10,1,1053.82121,0.35,0.5,0.15,0.09,5.5
295,15480,B11,10,20,2,1250.101723,0.35,0.5,0.15,0.04,5.5
295,15480,O12,20,60,3,1233.083207,0.48,0.44,0.08,0.018,5.5
295,15480,O13,60,75,4,1108.599408,0.55,0.4,0.05,0.05,5.5
295,15480,O12,75,90,5,1253.129418,0.48,0.44,0.08,0.011,5.5
295,15480,O17,90,120,6,400,0.35,0.5,0.15,0.75,4.6
296,15481,B11,0,10,1,1053.82121,0.35,0.5,0.15,0.09,5.5
296,15481,B11,10,20,2,1250.101723,0.35,0.5,0.15,0.04,5.5
296,15481,O12,20,60,3,1233.083207,0.48,0.44,0.08,0.018,4.8
296,15481,O13,60,90,4,1210.907114,0.55,0.4,0.05,0.011,3.9
296,15481,O17,90,120,5,400,0.35,0.5,0.15,0.75,4.6
297,90115490,B08,0,25,1,1491.360177,0.14,0.44,0.42,0.015,5.8
297,90115490,O09,25,50,2,1495.506004,0.16,0.46,0.38,0.01,5.9
297,90115490,O08,50,90,3,1566.483775,0.11,0.39,0.5,0.006,6.1
297,90115490,O03,90,120,4,1317.326424,0.06,0.24,0.7,0.005,7.1
298,90215490,B08,0,10,1,1307.050745,0.14,0.44,0.42,0.06,5.1
298,90215490,B08,10,25,2,1472.157921,0.14,0.44,0.42,0.02,5.1
298,90215490,O09,25,50,3,1495.506004,0.16,0.46,0.38,0.01,5.9
298,90215490,O08,50,90,4,1566.483775,0.11,0.39,0.5,0.006,6.1
298,90215490,O03,90,120,5,1317.326424,0.06,0.24,0.7,0.005,7.1
299,90115500,B09,0,25,1,1414.227222,0.21,0.51,0.28,0.02,5.6
299,90115500,O10,25,50,2,1452.337901,0.21,0.51,0.28,0.01,5.8
299,90115500,O10,50,70,3,1483.355133,0.2,0.5,0.3,0.006,6.1
299,90115500,O10,70,120,4,1501.056604,0.18,0.47,0.35,0.006,7.4
300,90215500,B09,0,10,1,1261.183169,0.21,0.51,0.28,0.06,5.6
300,90215500,B09,10,25,2,1414.227222,0.21,0.51,0.28,0.02,5.6
300,90215500,O10,25,50,3,1452.337901,0.21,0.51,0.28,0.01,5.8
300,90215500,O10,50,70,4,1483.355133,0.2,0.5,0.3,0.006,6.1
300,90215500,O10,70,120,5,1501.056604,0.18,0.47,0.35,0.006,7.4
301,15510,B10,0,10,1,1224.355512,0.27,0.56,0.17,0.06,5.8
301,15510,B10,10,20,2,1301.854657,0.27,0.56,0.17,0.04,5.8
301,15510,O11,20,60,3,1362.158731,0.3,0.58,0.12,0.015,5.8
301,15510,O11,60,90,4,1410.512995,0.28,0.57,0.15,0.007,5.9
301,15510,O10,90,120,5,1423.834466,0.22,0.43,0.35,0.015,7.2
302,15520,B10,0,10,1,1111.463255,0.32,0.53,0.15,0.08,5.8
302,15520,B10,10,20,2,1269.019586,0.32,0.53,0.15,0.04,5.8
302,15520,O11,20,40,3,1331.868365,0.32,0.53,0.15,0.02,5.8
302,15520,O12,40,80,4,1272.139725,0.45,0.47,0.08,0.011,5.8
302,15520,O12,80,120,5,1339.894934,0.35,0.5,0.15,0.011,7.1
303,15521,B10,0,25,1,1136.570474,0.27,0.46,0.27,0.08,5.8
303,15521,O11,25,35,2,1331.868365,0.32,0.53,0.15,0.02,5
303,15521,O12,35,80,3,1272.139725,0.45,0.47,0.08,0.011,5
303,15521,O02,80,90,4,1509.863843,0.06,0.09,0.85,0.03,4.8
303,15521,O02,90,110,5,1629.650917,0.03,0.07,0.9,0.01,4.8
303,15521,O01,110,120,6,1663.06063,0.03,0.05,0.92,0.004,4.8
304,15530,B10,0,10,1,1111.463255,0.32,0.53,0.15,0.08,5.8
304,15530,B10,10,20,2,1269.019586,0.32,0.53,0.15,0.04,5.5
304,15530,O11,20,40,3,1331.868365,0.32,0.53,0.15,0.02,5.5
304,15530,O12,40,120,4,1285.842491,0.44,0.49,0.07,0.009,5.7
305,15540,B11,0,8,1,1032.202052,0.4,0.45,0.15,0.09,5.8
305,15540,B11,8,20,2,1187.064667,0.4,0.45,0.15,0.05,5.8
305,15540,O12,20,40,3,1246.105995,0.45,0.47,0.08,0.02,5.8
305,15540,O12,40,100,4,1272.139725,0.45,0.47,0.08,0.011,5.8
305,15540,O12,100,120,5,1352.309639,0.35,0.5,0.15,0.008,7.1
306,15541,B11,0,8,1,1032.202052,0.4,0.45,0.15,0.09,5.8
306,15541,B11,8,20,2,1187.064667,0.4,0.45,0.15,0.05,5.8
306,15541,O12,20,40,3,1246.105995,0.45,0.47,0.08,0.02,5.8
306,15541,O12,40,90,4,1272.139725,0.45,0.47,0.08,0.011,5.8
306,15541,O01,90,120,5,1656.073305,0.03,0.05,0.92,0.006,4.8
307,15550,B11,0,8,1,1032.202052,0.4,0.5,0.1,0.09,5.8
307,15550,B11,8,20,2,1187.064667,0.4,0.5,0.1,0.05,5.8
307,15550,O12,20,40,3,1277.751237,0.4,0.5,0.1,0.02,5.8
307,15550,O12,40,90,4,1268.29207,0.48,0.49,0.03,0.007,5.8
307,15550,O12,90,120,5,1321.594195,0.4,0.5,0.1,0.007,5.8
308,15560,B11,0,8,1,905.5213543,0.4,0.5,0.1,0.12,5.6
308,15560,B11,8,20,2,1187.064667,0.4,0.5,0.1,0.05,5.6
308,15560,O12,20,90,3,1268.869764,0.45,0.52,0.03,0.012,5.6
308,15560,O17,90,120,4,420,0.35,0.5,0.15,0.75,4.6
309,16010,B11,0,10,1,796.1115529,0.35,0.38,0.27,0.15,4.9
309,16010,B11,10,20,2,922.1169108,0.35,0.38,0.27,0.12,4.9
309,16010,O12,20,30,3,1096.9244,0.35,0.38,0.27,0.08,4.9
309,16010,O13,30,55,4,1163.032385,0.55,0.39,0.06,0.03,4.7
309,16010,O17,55,120,5,500,0.55,0.39,0.06,0.55,4.4
310,16020,B09,0,10,1,1065.576607,0.22,0.48,0.3,0.1,6
310,16020,B09,10,20,2,1297.245538,0.22,0.48,0.3,0.05,6
310,16020,O10,20,30,3,1336.434034,0.22,0.48,0.3,0.04,6
310,16020,O11,30,70,4,1399.526898,0.27,0.48,0.25,0.011,7.1
310,16020,O09,70,120,5,1519.185654,0.16,0.44,0.4,0.006,6
311,16021,B09,0,10,1,1083.941467,0.18,0.27,0.55,0.1,5
311,16021,B09,10,23,2,1324.566313,0.18,0.27,0.55,0.05,5
311,16021,O09,23,70,3,1536.576163,0.15,0.35,0.5,0.005,5
311,16021,O01,70,120,4,1669.298815,0.03,0.06,0.91,0.003,6
312,16030,B11,0,15,1,922.1169108,0.35,0.47,0.18,0.12,5
312,16030,B11,15,30,2,1178.472277,0.35,0.47,0.18,0.06,5
312,16030,O12,30,70,3,1301.089018,0.43,0.47,0.1,0.007,5
312,16030,O11,70,120,4,1416.536142,0.28,0.42,0.3,0.006,5
313,16040,B12,0,8,1,859.1351763,0.55,0.4,0.05,0.12,5
313,16040,B12,8,20,2,1008.93935,0.55,0.4,0.05,0.08,5
313,16040,O13,20,40,3,1136.755966,0.6,0.37,0.03,0.03,5.2
313,16040,O13,40,60,4,1111.640641,0.65,0.34,0.01,0.03,5.2
313,16040,O17,60,120,5,460,0.65,0.34,0.01,0.65,5.2
314,90116050,B08,0,25,1,1418.849704,0.16,0.2,0.64,0.03,7.2
314,90116050,O09,25,50,2,1473.885331,0.16,0.2,0.64,0.015,7.2
314,90116050,O02,50,120,3,1652.928624,0.04,0.08,0.88,0.005,7.2
315,90216050,B08,0,25,1,1338.662837,0.16,0.2,0.64,0.05,7.2
315,90216050,O09,25,50,2,1473.885331,0.16,0.2,0.64,0.015,7.2
315,90216050,O02,50,120,3,1652.928624,0.04,0.08,0.88,0.005,7.2
316,90116060,B10,0,20,1,1328.910215,0.28,0.43,0.29,0.03,7
316,90116060,O11,20,50,2,1367.100197,0.28,0.43,0.29,0.018,7
316,90116060,O13,50,90,3,1186.555922,0.56,0.39,0.05,0.018,6
316,90116060,O13,90,120,4,1186.555922,0.56,0.39,0.05,0.018,7
317,90216060,B10,0,8,1,1218.425662,0.28,0.43,0.29,0.06,6.7
317,90216060,B10,8,20,2,1328.910215,0.28,0.43,0.29,0.03,6.7
317,90216060,O11,20,40,3,1367.100197,0.28,0.43,0.29,0.018,7
317,90216060,O13,40,90,4,1186.555922,0.56,0.39,0.05,0.018,6
317,90216060,O13,90,120,5,1186.555922,0.56,0.39,0.05,0.018,7
318,16061,B10,0,8,1,1218.425662,0.28,0.43,0.29,0.06,6.7
318,16061,B10,8,20,2,1328.910215,0.28,0.43,0.29,0.03,6.7
318,16061,O11,20,40,3,1367.100197,0.28,0.43,0.29,0.018,7
318,16061,O13,40,95,4,1186.555922,0.56,0.39,0.05,0.018,6
318,16061,O17,95,120,5,460,0.56,0.39,0.05,0.65,5
319,16070,B11,0,8,1,1151.501648,0.4,0.55,0.05,0.06,6.7
319,16070,B11,8,20,2,1249.69338,0.4,0.55,0.05,0.03,6.7
319,16070,O12,20,45,3,1246.105995,0.45,0.5,0.05,0.02,7
319,16070,O13,45,120,4,1186.555922,0.56,0.39,0.05,0.018,6
320,90116080,B08,0,25,1,1480.823445,0.13,0.14,0.73,0.02,7.1
320,90116080,O09,25,70,2,1515.207501,0.15,0.15,0.7,0.008,7.1
320,90116080,O10,70,120,3,1457.572126,0.23,0.32,0.45,0.006,7.1
321,90216080,B08,0,25,1,1403.538512,0.13,0.14,0.73,0.04,6.9
321,90216080,O09,25,60,2,1495.506004,0.16,0.14,0.7,0.01,7.1
321,90216080,O10,60,120,3,1457.572126,0.23,0.32,0.45,0.006,7.1
322,90116090,B09,0,25,1,1364.961708,0.23,0.37,0.4,0.03,7.1
322,90116090,O10,25,50,2,1445.555438,0.23,0.37,0.4,0.008,7.1
322,90116090,O11,50,90,3,1408.604667,0.29,0.36,0.35,0.006,7.1
322,90116090,O09,90,120,4,1537.014234,0.16,0.18,0.66,0.004,7.3
323,90216090,B09,0,10,1,1290.590542,0.23,0.37,0.4,0.05,6.9
323,90216090,B09,10,25,2,1364.961708,0.23,0.37,0.4,0.03,6.9
323,90216090,O10,25,50,3,1415.821283,0.23,0.37,0.4,0.015,7.1
323,90216090,O11,50,90,4,1408.604667,0.29,0.36,0.35,0.006,7.1
323,90216090,O09,90,120,5,1537.014234,0.16,0.18,0.66,0.004,7.3
324,16110,B09,0,10,1,1280.440494,0.18,0.37,0.45,0.06,5.1
324,16110,B09,10,20,2,1365.448868,0.18,0.37,0.45,0.04,5.1
324,16110,O10,20,60,3,1456.235377,0.2,0.37,0.43,0.011,5.1
324,16110,O01,60,120,4,1646.117619,0.02,0.06,0.92,0.005,5.3
325,16111,B09,0,10,1,1280.440494,0.18,0.37,0.45,0.06,5.1
325,16111,B09,10,20,2,1365.448868,0.18,0.37,0.45,0.04,5.1
325,16111,O10,20,60,3,1456.815261,0.18,0.39,0.43,0.015,5.1
325,16111,O01,60,120,4,1520.424947,0.02,0.06,0.92,0.005,5.3
326,16120,B09,0,10,1,1267.537593,0.2,0.35,0.45,0.06,5
326,16120,B09,10,20,2,1350.78566,0.2,0.35,0.45,0.04,5
326,16120,O09,20,60,3,1515.207501,0.15,0.3,0.55,0.008,5.2
326,16120,O02,60,120,4,1655.360177,0.04,0.08,0.88,0.005,4.8
327,16121,B09,0,10,1,1248.663561,0.23,0.32,0.45,0.06,5
327,16121,B09,10,20,2,1329.371978,0.23,0.32,0.45,0.04,5
327,16121,O10,20,45,3,1415.821283,0.23,0.32,0.45,0.015,5.2
327,16121,O10,45,120,4,1456.815261,0.18,0.27,0.55,0.015,5.2
328,16130,B10,0,10,1,1218.425662,0.28,0.47,0.25,0.06,5.6
328,16130,B10,10,20,2,1295.152409,0.28,0.47,0.25,0.04,5.6
328,16130,O11,20,50,3,1369.862584,0.32,0.53,0.15,0.009,5.6
328,16130,O13,50,100,4,1186.555922,0.56,0.39,0.05,0.018,6
328,16130,O10,100,120,5,1466.066293,0.22,0.22,0.56,0.006,6.3
329,16140,B09,0,10,1,1280.440494,0.18,0.27,0.55,0.06,4.8
329,16140,B09,10,20,2,1403.023799,0.18,0.27,0.55,0.03,4.8
329,16140,O10,20,60,3,1473.291781,0.18,0.27,0.55,0.011,4.6
329,16140,O01,60,90,4,1598.043336,0.03,0.06,0.91,0.018,4.6
329,16140,O01,90,120,5,1671.778806,0.03,0.06,0.91,0.003,4.8
330,16150,B10,0,25,1,1245.851177,0.3,0.45,0.25,0.05,5.3
330,16150,O11,25,55,2,1347.069537,0.34,0.51,0.15,0.011,5.6
330,16150,O12,55,120,3,1306.212196,0.43,0.52,0.05,0.006,5.6
331,16160,B11,0,8,1,1151.501648,0.4,0.45,0.15,0.06,5.5
331,16160,B11,8,15,2,1249.69338,0.4,0.45,0.15,0.03,5.5
331,16160,O12,15,30,3,1256.999974,0.45,0.45,0.1,0.016,5.5
331,16160,O13,30,80,4,1214.520863,0.52,0.43,0.05,0.016,5.5
331,16160,O11,80,120,5,1424.557442,0.27,0.27,0.46,0.006,5.5
332,16170,B11,0,8,1,1151.501648,0.4,0.45,0.15,0.06,5.3
332,16170,B11,8,15,2,1219.794975,0.4,0.45,0.15,0.04,5.3
332,16170,O12,15,85,3,1265.749071,0.45,0.5,0.05,0.013,5.5
332,16170,O01,85,120,4,1661.556666,0.03,0.06,0.91,0.005,5
333,16171,B11,0,8,1,1151.501648,0.4,0.45,0.15,0.06,5.3
333,16171,B11,8,15,2,1219.794975,0.4,0.45,0.15,0.04,5.3
333,16171,O12,15,70,3,1246.105995,0.45,0.5,0.05,0.02,5.5
333,16171,O17,70,105,4,500,0.45,0.5,0.05,0.55,4.8
333,16171,O01,105,120,5,1661.556666,0.03,0.06,0.91,0.005,4.8
334,16180,B11,0,20,1,1219.794975,0.4,0.48,0.12,0.04,5.5
334,16180,O12,20,90,2,1265.749071,0.45,0.43,0.12,0.013,5.5
334,16180,O11,90,120,3,1405.183922,0.28,0.28,0.44,0.008,5.5
335,16190,B12,0,8,1,991.5199564,0.5,0.43,0.07,0.09,5.3
335,16190,B12,8,15,2,1066.28376,0.5,0.43,0.07,0.07,5.3
335,16190,O13,15,50,3,1163.032385,0.55,0.42,0.03,0.03,5.5
335,16190,O13,50,120,4,1192.178905,0.55,0.42,0.03,0.018,6
336,16200,B12,0,8,1,972.3582189,0.55,0.4,0.05,0.09,5.3
336,16200,B12,8,15,2,1044.155608,0.55,0.4,0.05,0.07,5.3
336,16200,O13,15,90,3,1136.755966,0.6,0.39,0.01,0.03,5.8
336,16200,O17,90,120,4,460,0.56,0.39,0.05,0.65,5
337,16201,B12,0,8,1,972.3582189,0.55,0.4,0.05,0.09,5.3
337,16201,B12,8,15,2,1044.155608,0.55,0.4,0.05,0.07,5.3
337,16201,O13,15,50,3,1136.755966,0.6,0.39,0.01,0.03,5.8
337,16201,O18,50,70,4,500,0.56,0.39,0.05,0.35,5
337,16201,O13,70,120,5,1136.755966,0.6,0.39,0.01,0.03,5.8
338,90116210,B08,0,25,1,1445.33392,0.15,0.2,0.65,0.025,5.5
338,90116210,O09,25,45,2,1504.449409,0.15,0.2,0.65,0.01,5.5
338,90116210,O10,45,120,3,1494.294963,0.18,0.24,0.58,0.007,5.5
339,90216210,B08,0,25,1,1388.050463,0.15,0.2,0.65,0.04,5.2
339,90216210,O09,25,45,2,1504.449409,0.15,0.2,0.65,0.01,5.5
339,90216210,O10,45,120,3,1494.294963,0.18,0.24,0.58,0.007,5.5
340,90116220,B09,0,25,1,1357.595769,0.24,0.34,0.42,0.03,5.3
340,90116220,O10,25,60,2,1407.89779,0.24,0.34,0.42,0.015,5.3
340,90116220,O11,60,120,3,1402.64864,0.29,0.29,0.42,0.007,5.3
341,90216220,B09,0,10,1,1284.003479,0.24,0.34,0.42,0.05,5.3
341,90216220,B09,10,25,2,1357.595769,0.24,0.34,0.42,0.03,5.3
341,90216220,O10,25,50,3,1407.89779,0.24,0.34,0.42,0.015,5.3
341,90216220,O11,50,120,4,1402.64864,0.29,0.29,0.42,0.007,5.3
342,90116230,B08,0,25,1,1426.897301,0.15,0.24,0.61,0.03,7.3
342,90116230,O09,25,60,2,1500.253917,0.13,0.24,0.63,0.015,7.4
342,90116230,O08,60,90,3,1586.238063,0.09,0.21,0.7,0.006,7.4
342,90116230,O02,90,120,4,1644.24826,0.04,0.07,0.89,0.006,7.4
343,90216230,B08,0,25,1,1388.050463,0.15,0.24,0.61,0.04,7.3
343,90216230,O09,25,40,2,1500.253917,0.13,0.24,0.63,0.015,7.4
343,90216230,O08,40,90,3,1586.238063,0.09,0.21,0.7,0.006,7.4
343,90216230,O02,90,120,4,1644.24826,0.04,0.07,0.89,0.006,7.4
344,90116240,B09,0,25,1,1364.961708,0.23,0.4,0.37,0.03,7.3
344,90116240,O10,25,60,2,1398.503696,0.23,0.4,0.37,0.02,7.4
344,90116240,O10,60,90,3,1483.355133,0.2,0.25,0.55,0.006,7.4
344,90116240,O02,90,120,4,1644.24826,0.04,0.07,0.89,0.006,7.4
345,90216240,B09,0,25,1,1290.590542,0.23,0.4,0.37,0.05,6.9
345,90216240,O10,25,60,2,1398.503696,0.23,0.4,0.37,0.02,7.4
345,90216240,O10,60,90,3,1483.355133,0.2,0.25,0.55,0.006,7.4
345,90216240,O02,90,120,4,1644.24826,0.04,0.07,0.89,0.006,7.4
346,90116250,B08,0,25,1,1472.157921,0.14,0.26,0.6,0.02,5
346,90116250,O09,25,60,2,1491.360177,0.14,0.26,0.6,0.015,4.9
346,90116250,O08,60,90,3,1586.238063,0.09,0.21,0.7,0.006,5.3
346,90116250,O02,90,120,4,1644.24826,0.04,0.07,0.89,0.006,5.8
347,90216250,B08,0,25,1,1395.751523,0.14,0.26,0.6,0.04,5
347,90216250,O09,25,60,2,1491.360177,0.14,0.26,0.6,0.015,4.9
347,90216250,O08,60,80,3,1586.238063,0.09,0.21,0.7,0.006,5.3
347,90216250,O02,80,120,4,1644.24826,0.04,0.07,0.89,0.006,5.8
348,90116260,B09,0,25,1,1372.408013,0.22,0.33,0.45,0.03,5.4
348,90116260,O10,25,60,2,1423.834466,0.22,0.33,0.45,0.015,5
348,90116260,O11,60,80,3,1432.670102,0.26,0.34,0.4,0.006,5.3
348,90116260,O02,80,120,4,1644.24826,0.04,0.07,0.89,0.006,5.8
349,90216260,B09,0,25,1,1297.245538,0.22,0.33,0.45,0.05,5.4
349,90216260,O10,25,60,2,1423.834466,0.22,0.33,0.45,0.015,5
349,90216260,O11,60,80,3,1432.670102,0.26,0.34,0.4,0.006,5.3
349,90216260,O02,80,120,4,1644.24826,0.04,0.07,0.89,0.006,5.8
350,17010,B08,0,20,1,1435.03671,0.14,0.2,0.66,0.03,5.3
350,17010,O09,20,40,2,1543.08935,0.12,0.2,0.68,0.008,4.6
350,17010,O10,40,65,3,1500.347941,0.2,0.32,0.48,0.004,4.6
350,17010,O02,65,120,4,1641.813541,0.04,0.06,0.9,0.003,5
351,17020,B08,0,20,1,1435.03671,0.14,0.2,0.66,0.03,5.3
351,17020,O09,20,40,2,1543.08935,0.12,0.2,0.68,0.008,4.6
351,17020,O10,40,65,3,1500.347941,0.2,0.32,0.48,0.004,4.6
351,17020,O05,65,120,4,1466.702332,0.02,0.08,0.9,0.003,5
352,17030,B09,0,20,1,1329.371978,0.23,0.42,0.35,0.04,5.3
352,17030,O10,20,40,2,1435.760486,0.23,0.42,0.35,0.01,5
352,17030,O11,40,70,3,1432.024526,0.28,0.42,0.3,0.004,4.6
352,17030,O02,70,120,4,1641.813541,0.04,0.06,0.9,0.003,5
353,17040,B09,0,20,1,1329.371978,0.23,0.42,0.35,0.04,5
353,17040,O10,20,40,2,1435.760486,0.23,0.42,0.35,0.01,5
353,17040,O11,40,65,3,1432.024526,0.28,0.42,0.3,0.004,4.6
353,17040,O05,65,120,4,1466.702332,0.02,0.08,0.9,0.003,5
354,17050,B10,0,20,1,1258.314171,0.28,0.52,0.2,0.05,5
354,17050,O11,20,45,2,1377.071258,0.28,0.52,0.2,0.015,4.6
354,17050,O12,45,70,3,1369.652759,0.36,0.54,0.1,0.004,4.2
354,17050,O11,70,120,4,1442.910778,0.28,0.52,0.2,0.003,4.6
355,17051,B10,0,20,1,1258.314171,0.28,0.52,0.2,0.05,5.3
355,17051,O11,20,45,2,1377.071258,0.28,0.52,0.2,0.015,4.6
355,17051,O12,45,70,3,1369.652759,0.36,0.54,0.1,0.004,4.2
355,17051,O05,70,120,4,1466.702332,0.02,0.08,0.9,0.003,5
356,17060,B08,0,25,1,1472.157921,0.14,0.21,0.65,0.02,5.1
356,17060,O09,25,50,2,1497.172709,0.17,0.26,0.57,0.008,4.6
356,17060,O09,50,80,3,1547.215456,0.13,0.19,0.68,0.006,4.6
356,17060,O01,80,120,4,1651.118621,0.02,0.06,0.92,0.004,5
357,17061,B08,0,25,1,1472.157921,0.14,0.21,0.65,0.02,5.1
357,17061,O09,25,50,2,1497.172709,0.17,0.26,0.57,0.008,4.6
357,17061,O09,50,80,3,1547.215456,0.13,0.19,0.68,0.006,4.6
357,17061,O05,80,120,4,1465.514447,0.02,0.06,0.92,0.004,5
358,17070,B09,0,25,1,1364.961708,0.23,0.47,0.3,0.03,5.1
358,17070,O10,25,45,2,1415.821283,0.23,0.47,0.3,0.015,4.8
358,17070,O11,45,70,3,1384.730731,0.34,0.56,0.1,0.004,4.2
358,17070,O11,70,120,4,1442.910778,0.28,0.52,0.2,0.003,4.6
359,17071,B09,0,25,1,1364.961708,0.23,0.47,0.3,0.03,5.1
359,17071,O10,25,45,2,1415.821283,0.23,0.47,0.3,0.015,4.8
359,17071,O11,45,80,3,1384.730731,0.34,0.56,0.1,0.004,4.2
359,17071,O05,80,120,4,1465.514447,0.02,0.06,0.92,0.004,5
360,18010,B13,0,25,1,1382.812027,0.1,0.45,0.45,0.05,5.3
360,18010,O14,25,90,2,1565.257424,0.12,0.53,0.35,0.005,4.7
360,18010,O03,90,120,3,1638.105315,0.04,0.16,0.8,0.003,4.7
361,18020,B13,0,25,1,1468.544615,0.1,0.45,0.45,0.03,5.3
361,18020,O14,25,90,2,1588.704831,0.12,0.53,0.35,0.003,4.7
361,18020,O02,90,120,3,1655.071893,0.04,0.11,0.85,0.003,4.7
362,18021,B13,0,25,1,1468.544615,0.1,0.6,0.3,0.03,5.3
362,18021,O14,25,70,2,1609.027172,0.1,0.6,0.3,0.003,4.7
362,18021,O14,70,90,3,1609.027172,0.1,0.45,0.45,0.003,4.7
362,18021,O05,90,120,4,1498.773084,0.03,0.05,0.92,0.003,4.7
363,18030,B13,0,25,1,1488.080539,0.1,0.6,0.3,0.025,6
363,18030,O14,25,90,2,1584.9806,0.1,0.6,0.3,0.005,6
363,18030,O05,90,120,3,1498.773084,0.03,0.05,0.92,0.003,4.7
364,18031,B13,0,25,1,1488.080539,0.1,0.6,0.3,0.025,6
364,18031,O14,25,70,2,1584.9806,0.1,0.6,0.3,0.005,6
364,18031,O03,70,120,3,1616.795633,0.04,0.21,0.75,0.003,4.7
365,18040,B14,0,25,1,1454.016128,0.17,0.75,0.08,0.018,6
365,18040,O15,25,60,2,1540.076144,0.17,0.78,0.05,0.003,6
365,18040,O15,60,120,3,1559.165957,0.15,0.75,0.1,0.003,6
366,18041,B14,0,25,1,1454.016128,0.17,0.75,0.08,0.018,6
366,18041,O15,25,60,2,1540.076144,0.17,0.78,0.05,0.003,6
366,18041,O15,60,90,3,1426.546661,0.3,0.5,0.2,0.003,6
366,18041,O05,90,120,4,1259.759239,0.03,0.05,0.92,0.003,6
367,18050,B14,0,25,1,1428.915107,0.17,0.76,0.07,0.025,6.2
367,18050,O15,25,60,2,1510.066719,0.17,0.76,0.07,0.006,7
367,18050,O15,60,120,3,1540.076144,0.17,0.79,0.04,0.003,7
368,22010,B06,0,15,1,1427.429683,0.1,0.22,0.68,0.04,5
368,22010,O06,15,40,2,1524.388819,0.14,0.16,0.7,0.008,4.8
368,22010,O06,40,120,3,1494.335994,0.22,0.18,0.6,0.003,3.9
369,22011,B09,0,15,1,1350.78566,0.2,0.25,0.55,0.04,5
369,22011,O10,15,40,2,1453.909724,0.22,0.27,0.51,0.008,4
369,22011,O12,40,120,3,1356.12765,0.41,0.29,0.3,0.002,3.8
370,22020,B11,0,25,1,1219.794975,0.4,0.45,0.15,0.04,6.5
370,22020,O13,25,45,2,1219.150101,0.6,0.32,0.08,0.003,7
370,22020,O13,45,120,3,1230.135297,0.6,0.32,0.08,0.002,7
