nuts3,constraints,lon,lat
AL013,gdd,20.243061365231146,42.19524883557867
AT111,drainage,16.483019487796078,47.51282178573607
AT121,frost_damage,14.997991694925217,48.05306666216939
AT122,gdd,15.90276538154211,47.79776257774033
AT124,frost_damage,15.317262727953242,48.642772547517765
AT211,soil_moisture; frost_damage; gdd,14.002312394570634,46.61353395020697
AT212,slope; soil_moisture; frost_damage; gdd,13.341468727451684,46.83513707639419
AT213,slope; frost_damage; gdd,14.572897772787032,46.795504203289575
AT222,slope; soil_moisture; frost_damage; gdd,14.211808463717226,47.52133790214589
AT223,slope; soil_moisture; frost_damage; gdd,15.226104583918126,47.52624673629756
AT225,gdd,15.26616916615057,46.874741543778256
AT226,slope; soil_moisture; frost_damage; gdd,14.431065400238971,47.18975165421583
AT314,soil_moisture; gdd,14.328632124002427,47.861814639070616
AT315,soil_moisture; frost_damage; gdd,13.659224646142679,47.848770299349
AT321,slope; soil_moisture; frost_damage; gdd,13.666201174284641,47.14058030271981
AT322,slope; soil_moisture; frost_damage; gdd,12.898456384313404,47.3018018904514
AT323,soil_moisture; gdd,13.212293285778404,47.75047326211733
AT331,slope; soil_depth; soil_moisture; frost_damage; gdd,10.582325625576257,47.37991827838121
AT332,slope; soil_moisture; frost_damage; gdd,11.343999683050152,47.20082259108421
AT333,slope; soil_moisture; frost_damage; gdd,12.522832337230344,46.90616780568998
AT334,slope; soil_moisture; frost_damage; gdd,10.697639008255983,47.06120280766759
AT335,slope; soil_moisture; frost_damage; gdd,12.023263482097622,47.38964860975034
AT341,slope; soil_depth; soil_moisture; frost_damage; gdd,9.961270605931777,47.18340995159025
AT342,soil_moisture; gdd,9.725077576283653,47.38653655821286
BE335,gdd,5.916916393395334,50.498494008009196
BE336,gdd,6.166614734095901,50.416173052354225
BE342,gdd,5.747616540500719,50.08426884429528
BG411,frost_damage,23.3986973603868,42.678240750325095
BG413,slope; frost_damage; gdd,23.43806403062031,41.723886750311266
BG423,frost_damage; gdd,24.146587364662768,42.138256124410255
BG424,slope; frost_damage; gdd,24.66092419334527,41.63014515503032
CH011,gdd,6.657824555819953,46.5700649453808
CH012,gdd,7.604848100716272,46.20965179548658
CH021,gdd,7.625476597858159,46.82197694246033
CH022,gdd,7.073990864766231,46.71848255032266
CH024,gdd,6.779823631489136,46.995451291150424
CH025,gdd,7.1559751241679095,47.35065650393713
CH051,gdd,9.06584054812932,46.9810683976075
CH053,gdd,9.368235557188008,47.36615650156817
CH054,gdd,9.416397124865224,47.31733667765106
CH055,gdd,9.27578200251594,47.234375566187985
CH056,gdd,9.628130176195858,46.65629221848402
CH061,gdd,8.110142346570193,47.06773351490033
CH062,gdd,8.628623915382915,46.77198163325641
CH063,gdd,8.756556737064084,47.06189192908779
CH064,gdd,8.243083875162908,46.852332396964584
CH065,gdd,8.405405797938863,46.926759165387665
CH070,gdd,8.808966690406796,46.29559068120874
CZ041,gdd,12.753068396050573,50.17410503961833
CZ051,gdd,14.998507278542872,50.7050997194389
DE12C,gdd,8.465421658201876,48.47443602955099
DE132,gdd,7.925108098641999,47.925119557723505
DE136,gdd,8.41146340636141,48.01895757330456
DE137,gdd,8.794318216630753,48.01122150619436
DE139,soil_moisture; gdd,7.773837317287365,47.70344749089111
DE13A,gdd,8.21885794487172,47.69715043075275
DE141,gdd,9.365821716388162,48.40643008032805
DE143,gdd,8.937384126142337,48.26719877065276
DE147,soil_moisture,9.38857591904697,47.71460006906256
DE148,soil_moisture,9.780176625083048,47.82504609375556
DE213,soil_moisture,12.108803913862383,47.844412477866136
DE215,soil_moisture; gdd,12.901912455515905,47.69830134493828
DE216,soil_moisture; gdd,11.48291671539347,47.72720990782621
DE218,soil_moisture,11.91331551202675,48.07617872657449
DE21D,slope; soil_moisture; gdd,11.129802668696032,47.55625831895098
DE21F,soil_moisture; gdd,11.809060121254543,47.74162587006171
DE21K,soil_moisture,12.162834462636138,47.878168450587374
DE21L,soil_moisture,11.281730566996876,48.00615986447261
DE21M,soil_moisture; frost_damage,12.57972861658276,47.89433135904664
DE21N,soil_moisture,11.048343612928376,47.78765910655017
DE225,soil_moisture; gdd,13.513051275292753,48.826928749619526
DE229,gdd,13.099887042377652,49.02280819053824
DE249,gdd,11.819099807056176,50.273069831157386
DE24A,gdd,11.371933242646158,50.32778150561266
DE24D,gdd,12.0419977096804,50.090089895034225
DE263,soil_depth,9.94102298509919,49.78478591883721
DE272,soil_moisture,10.616152066353822,47.879788635402555
DE273,soil_moisture,10.307898051998642,47.73815334806855
DE27A,soil_moisture,9.856101206475048,47.59893892131933
DE27B,soil_moisture; gdd,10.639845304604963,47.76971503079953
DE27E,soil_moisture; gdd,10.258617884474809,47.57239170917885
DE401,drainage; sandy_texture,12.519107735825095,52.402400567471204
DE405,sandy_texture,13.703279706312681,52.82293175133937
DE406,drainage; sandy_texture,13.820450646113397,52.04190496368629
DE407,drainage; sandy_texture,13.459895839522902,51.612149209941855
DE408,sandy_texture,12.628440613031577,52.620974778348746
DE40A,sandy_texture,13.205243974625281,52.906270390094335
DE40B,sandy_texture,13.943502847866299,51.61586956324678
DE40C,sandy_texture,14.219794292136706,52.24389403292108
DE40D,sandy_texture,12.636122342316945,52.99115889235729
DE40E,sandy_texture,12.688925530769255,52.24618119636346
DE40F,sandy_texture,11.96179588144015,53.10927757298021
DE40G,sandy_texture,14.433036273813082,51.75833501357088
DE40H,sandy_texture,13.275939401686333,52.0728450562109
DE803,drainage,12.142957553389033,54.14733377138662
DE80L,drainage,12.992454979901712,54.28434460118733
DE80M,drainage,11.251579719431811,53.82159424466973
DE916,gdd,10.400574911159984,51.87461473072613
DE937,sandy_texture,9.307465855299673,53.250462440828926
DE948,sandy_texture,7.9049432887570825,52.9105990463902
DE949,sandy_texture,7.402449928125462,52.73743799443912
DE94B,sandy_texture,7.020279605739753,52.475960425343345
DEA28,gdd,6.643665278988858,50.536171819753115
DEA2D,gdd,6.216968423565807,50.72756467459718
DEA34,sandy_texture,6.899236150319386,51.96124706997513
DEA37,sandy_texture,7.579321731985169,52.21155904367595
DEA57,gdd,8.38508576630035,51.306863138770645
DEA59,soil_moisture; gdd,7.976308163044669,51.08605158680462
DEA5A,gdd,8.19474474139067,50.93761061396794
DEB24,gdd,6.749088974225715,50.23826251583752
DEB3A,soil_depth,7.365498875887773,49.24814571718103
DEC05,soil_depth,7.242150449249258,49.24867391840264
DED42,gdd,12.944576510268499,50.60892158388209
DED44,gdd,12.235067611216309,50.456751492807506
DEE06,sandy_texture,12.026221527612211,52.26065400611974
DEE09,gdd,10.95886141024,51.82115924107936
DEE0D,sandy_texture,11.839546448924148,52.69655714805041
DEE0E,sandy_texture,12.7019800696772,51.82012508784545
DEG03,soil_depth,11.587012774195422,50.92433394038141
DEG04,gdd,10.688430318643213,50.6116057719824
DEG0B,gdd,10.405101115287907,50.63065134898947
DEG0F,gdd,10.966305806062822,50.737786680572746
DEG0H,gdd,11.132978037662651,50.41466930463139
DEG0I,gdd,11.309107099985184,50.63770391822488
DK011,drainage,12.589252495255362,55.64420521586831
DK014,soil_moisture,14.91176318438526,55.12426464899386
DK032,sandy_texture,9.07735172662769,55.38976014330287
DK041,sandy_texture,8.857944845774952,56.284105941270866
EE001,frost_damage; gdd,24.92048620995876,59.30798929375893
EE004,drainage; frost_damage; gdd,23.686355132180626,58.550982152623035
EE006,frost_damage; gdd,25.609453432755632,59.05738799863865
EE007,frost_damage; gdd,27.34796601875305,59.16813889678702
EE008,frost_damage; gdd,26.484161213405045,58.244305158081495
EL302,slope; soil_depth,23.670984937871882,38.02056384012039
EL303,slope; soil_depth,23.75715115293491,37.974986458445606
EL304,slope,23.741922813748744,37.91004773928266
EL305,dryness,23.888772450187084,38.034762472759134
EL306,soil_depth,23.395898796585673,38.09505973538574
EL307,slope; soil_depth,23.284175996181197,37.17621603968624
EL412,slope,26.577442224816135,37.681057774321964
EL413,slope; soil_depth,25.99939120854052,38.41221932576366
EL422,slope; soil_depth,25.063758444496617,37.19220308666291
EL432,slope; soil_depth,25.835594671866016,35.14062592439171
EL433,slope; soil_depth,24.625773273900492,35.26569895183241
EL434,slope; soil_depth,23.921606399432154,35.37334271692703
EL515,soil_depth,24.434882809739264,40.906474354983466
EL521,dryness,22.23265568276092,40.55116736343082
EL522,dryness,23.116052089514817,40.6898116907647
EL523,dryness,22.759164214765292,41.02667146147759
EL524,dryness,22.130685596471217,40.88541423672976
EL525,dryness,22.44068522364145,40.26053354131887
EL532,slope,21.157387996456503,40.46373647661265
EL541,slope; salinity,20.953542872403357,39.242154485012264
EL542,slope,20.407177474988504,39.52340448552754
EL543,slope; soil_depth,20.808227198865723,39.81107038971284
EL612,dryness,22.398549417597682,39.703363097181054
EL621,soil_depth,20.775748677579294,37.78316392414104
EL622,soil_moisture,19.85031332762751,39.62256640793712
EL623,slope; soil_depth,20.59819337166174,38.24768166600692
EL624,slope; soil_depth,20.677745294667808,38.69593542248616
EL631,slope,21.381440713554817,38.68115010293501
EL632,slope; salinity,21.900345265838485,38.05954388572341
EL641,soil_depth,23.089413258252314,38.369968341508105
EL642,slope,23.817142611815786,38.56206238120651
EL643,slope,21.676004887563963,38.97480962028633
EL645,slope; soil_depth,22.253761156409013,38.53899069251316
EL651,slope; soil_depth,22.505367122091208,37.508413511520324
EL652,slope,22.7070025087005,37.91358730329831
EL653,soil_depth,22.325876136685594,36.97926577348753
ES111,soil_moisture,-8.465957047247466,43.125309753940996
ES113,soil_depth,-7.592299001938666,42.196802062032724
ES114,soil_moisture,-8.461919186323383,42.435023955700885
ES120,slope; soil_depth; soil_moisture,-5.99348051041279,43.29403321016044
ES130,slope; soil_moisture,-4.029981924041562,43.19781240004671
ES212,slope; soil_moisture,-2.19469590477368,43.14352886513575
ES213,slope,-2.85139562195766,43.23804029795432
ES241,salinity,-0.07186061567105376,42.201939732096555
ES242,soil_depth,-0.8170144288933471,40.660930276850486
ES243,dryness,-1.0639299406716536,41.61967488187789
ES300,dryness,-3.7165287212936917,40.49451122600729
ES411,dryness,-4.946180655557855,40.57064544923699
ES413,gdd,-5.840468763259284,42.6205510304568
ES415,dryness,-6.0658173329732605,40.80523118204138
ES417,soil_depth,-2.588821740497295,41.620653803982016
ES418,dryness,-4.846418952063083,41.63367081677897
ES419,dryness,-5.978680238610077,41.72687705900383
ES421,soil_depth; acidity; dryness,-1.9808038958747616,38.82530757395579
ES422,dryness,-3.827577108093598,38.926447429593246
ES423,soil_depth; dryness,-2.19527411167675,39.89560585094474
ES425,dryness,-4.146749639246686,39.79506234171085
ES431,dryness,-6.142883158847039,38.710426790129176
ES432,dryness,-6.160273010437342,39.71191682881277
ES511,soil_depth,1.9835534368894412,41.73048240127692
ES513,soil_depth; gdd,1.046377688597348,42.042075135050055
ES514,soil_depth,0.8161152822572397,41.08742112651702
ES521,acidity; dryness,-0.5699289991138007,38.478272357796634
ES522,soil_depth,-0.14806099710136664,40.240772223455174
ES523,soil_depth; dryness,-0.7994695520534822,39.369270249875875
ES531,soil_depth,1.4162523335697632,38.945876138425234
ES532,soil_depth,2.956234044650524,39.61187619840179
ES533,soil_depth,4.073565200141357,39.960188053489254
ES611,dryness,-2.34597045413363,37.1954365611772
ES614,soil_depth; dryness,-3.27048583692017,37.312730476641
ES616,dryness,-3.442780343340847,38.01675797528959
ES617,soil_depth,-4.726720339232451,36.81403456711065
ES620,acidity; dryness,-1.4854781172532163,38.00168736863054
FI193,acidity; frost_damage; gdd,25.424056858110717,62.51135694355521
FI194,acidity; frost_damage; gdd,23.048073794460993,62.73515719749605
FI195,drainage; acidity; frost_damage; gdd,22.131520688016362,63.07800461086335
FI196,frost_damage; gdd,22.146827856815975,61.52479735849957
FI197,frost_damage; gdd,23.67358619399295,61.690598583517975
FI1B1,frost_damage; gdd,24.75860719289191,60.36600261076015
FI1C1,frost_damage; gdd,22.54372736483716,60.55593112224678
FI1C2,frost_damage; gdd,24.323591593623174,60.91889041151199
FI1C3,frost_damage; gdd,25.702061934029974,61.209243102459396
FI1C4,frost_damage; gdd,26.88923220008153,60.82072195579991
FI1C5,frost_damage; gdd,28.370098471649904,61.20121851391258
FI1D1,acidity; frost_damage; gdd,27.846338409924503,61.88565525852176
FI1D2,acidity; frost_damage; gdd,27.484787711470844,63.150685813889616
FI1D3,acidity; soil_moisture; frost_damage; gdd,29.94560555559393,62.910916804139816
FI1D5,acidity; frost_damage; gdd,24.068528471768747,63.60692285332391
FI1D7,acidity; soil_moisture; frost_damage; gdd,26.31895862078046,67.68608671948627
FI1D8,gdd,28.713701078833697,64.51645838191664
FI1D9,gdd,26.55608540059362,64.93229416228402
FI200,soil_depth; gdd,20.125385947172255,60.217995186791434
FRJ14,gdd,3.5001429479680755,44.51711187659247
FRJ15,gdd,2.521832830125768,42.60015435240523
FRJ21,gdd,1.504050836976924,42.921025630106016
FRJ26,gdd,0.1639131861514549,43.0531124239668
FRK12,gdd,2.668744588848825,45.051123453727826
FRK24,gdd,5.576149785138246,45.26332873351794
FRK27,gdd,6.443599002758631,45.47760120475176
FRK28,gdd,6.432670672844317,46.052529887227045
FRL01,gdd,6.243879832824347,44.10613581102433
FRL02,gdd,6.2634226432431435,44.66383244839232
FRL03,gdd,7.116387653380156,43.93764139124935
HR031,soil_depth; soil_moisture,14.645224157626535,45.232481228359
HR032,soil_depth; soil_moisture,15.412118463247948,44.687443144737784
HR033,soil_depth,15.590371618295913,44.1908101489435
HR034,soil_depth,16.05737368152392,43.88747817144384
HR035,soil_depth,16.70914650999794,43.492915725101604
HR036,soil_moisture,13.892481031149737,45.19924431748903
HR037,slope; soil_depth,17.56553190238831,42.86732459929509
IS001,gdd,-21.6746473046142,64.15805889488868
IS002,gdd,-18.549355474666214,64.99304702775436
ITC11,gdd,7.438315750343058,45.14440927981269
ITC12,gdd,8.209992211657408,45.52418565542413
ITC13,soil_moisture; gdd,8.094906734325049,45.582129480322834
ITC14,slope; soil_moisture; frost_damage; gdd,8.342430536318432,46.08965871247404
ITC16,gdd,7.587985163178454,44.4769810885247
ITC20,slope; soil_depth; soil_moisture; frost_damage; gdd,7.387385100920239,45.73028082439973
ITC31,slope,7.807474215596895,43.946298755999784
ITC32,slope,8.289412324204235,44.281033618287665
ITC33,slope; soil_moisture,9.122027077150491,44.4676571537983
ITC34,slope; soil_moisture,9.731224767752932,44.22687181281167
ITC41,soil_moisture,8.776131455928077,45.804716908470674
ITC42,slope; soil_moisture,9.152429628013367,45.92844896070362
ITC43,slope; soil_moisture; gdd,9.386585704435504,45.9024136215652
ITC44,slope; soil_depth; soil_moisture; frost_damage; gdd,9.911155925687199,46.297268029154885
ITC46,soil_moisture; gdd,9.788822387410953,45.796441071750635
ITC47,frost_damage; gdd,10.311403412947413,45.700953216665255
ITF11,slope; gdd,13.60300396592089,42.10384603756642
ITF12,slope,13.726710932099111,42.64547797147646
ITF21,slope,14.249561211974154,41.64933869415072
ITF48,salinity,16.171286586428707,41.17258633461138
ITF61,slope,16.32311151912854,39.564362505344306
ITF65,slope,16.03131274641646,38.23872445270832
ITG12,slope,13.587147073600525,37.87005193125901
ITG13,slope,14.942240648994172,38.03893905907005
ITG2A,slope,9.514820628778638,39.89593554238037
ITH10,slope; soil_moisture; frost_damage; gdd,11.4152162539768,46.69690025327459
ITH20,slope; soil_depth; soil_moisture; frost_damage; gdd,11.120048705084722,46.1348531642618
ITH32,frost_damage,11.49077542326983,45.673247183531025
ITH33,slope; soil_depth; soil_moisture; frost_damage; gdd,12.168043928575333,46.31365618764038
ITH41,soil_moisture; frost_damage; gdd,12.682180688316782,46.10820313362332
ITH42,soil_moisture; frost_damage; gdd,13.158445958035957,46.22709106111123
ITH43,soil_moisture,13.50278700140324,45.86386211910089
ITH44,soil_moisture,13.765219750066086,45.690799130858004
ITI11,slope; soil_moisture,10.011247924255063,44.25468164131629
ITI31,slope,12.672520639560794,43.70006082984123
ITI34,slope,13.55467145158542,42.8879734380627
ITI42,slope,12.960161160117325,42.37633675922018
LI000,gdd,9.552903312452186,47.14155806747906
LT028,gdd,22.16390864763594,56.00068468851593
LV003,gdd,21.986607725110048,56.92177748204641
LV005,frost_damage,27.166128151853545,56.39533564274718
LV007,frost_damage; gdd,24.24302142242932,57.103068757680425
LV008,frost_damage; gdd,26.051247903493707,57.29904707151604
LV009,frost_damage,24.711534182377584,56.49081933758381
ME000,gdd,19.251595414702635,42.786030180510245
MK001,slope; soil_depth,21.91122645758296,41.55551893487274
MK002,slope,22.511071282533937,41.83605249806013
MK006,gdd,20.877166886417434,41.85081083534758
MK007,slope; soil_depth,21.99051945615251,42.167777236352094
NL111,drainage; om_peat,7.032503067753794,53.08846662426881
NL131,sandy_texture,6.580767404665145,52.98696455591602
NL132,drainage; sandy_texture; om_peat,6.8616059287936695,52.79362842073939
NL133,sandy_texture,6.353172721240521,52.76231077726501
NL212,sandy_texture,6.230460878482507,52.34414002408278
NL213,sandy_texture,6.706968629676594,52.314587506899436
NL323,soil_moisture,4.665271825811738,52.5069451227757
NL324,soil_moisture,4.611494080034122,52.37694368523131
NL325,drainage; om_peat,4.801788684804642,52.4766317948062
NO011,gdd,10.739696619387733,59.98099695329775
NO012,gdd,11.16437445388628,60.01545048399385
NO021,gdd,11.431148598205038,61.43977796916936
NO022,gdd,9.369297910577359,61.40500615074746
NO031,gdd,11.310494910223769,59.36948040142927
NO032,gdd,9.106287618559929,60.29202297307305
NO033,gdd,10.134589368171774,59.32260214837881
NO034,gdd,8.525638995119058,59.51585887611003
NO041,gdd,7.974422867272623,58.864715846729894
NO042,gdd,7.189458233319468,58.48074601893491
NO043,gdd,6.210650511230879,59.1084061937468
NO051,gdd,6.269019520981403,60.33105932320862
NO052,gdd,6.557663172483818,61.40610135695776
NO053,gdd,7.661638713982899,62.59966974609811
NO060,gdd,11.37477817743345,63.75232071891867
NO071,gdd,14.649215331431055,66.87475655140686
NO072,gdd,19.53041601929588,69.28211059528542
NO073,gdd,25.799549917365034,69.95025494220924
PL218,frost_damage; gdd,20.74884464159012,49.60121955705497
PL219,soil_moisture; frost_damage; gdd,19.91699874685899,49.50272729580384
PL225,gdd,19.035881969900345,49.703730104134536
PL411,sandy_texture,16.836917882072353,53.07919765420895
PL414,sandy_texture,18.12984666785752,52.28460321780851
PL416,sandy_texture,17.861918104822468,51.68306412380084
PL417,sandy_texture,16.477867172865718,52.09384511607848
PL418,sandy_texture,16.8709127566099,52.42111095325881
PL427,sandy_texture,15.810363977930539,53.40362777985369
PL431,sandy_texture,15.284291726597457,52.597142739497194
PL517,gdd,16.60083525943716,50.59180552613365
PL617,sandy_texture,17.926108698213564,52.85705283906385
PL618,sandy_texture,18.05018081988469,53.51446302426916
PL619,sandy_texture,18.979983224972997,52.65476091044296
PL623,frost_damage,22.06942558200076,53.93839845532785
PL637,sandy_texture,17.577013759476213,53.84653495550119
PT111,slope; soil_moisture,-8.507575586460163,41.877769294815714
PT11C,slope,-8.131687468237251,41.193350813771005
PT11D,coarse_texture,-7.413858333137766,41.151706391331366
PT11E,coarse_texture,-6.822857578877131,41.572852143952765
PT16B,salinity,-9.123284023691,39.283971270547404
PT16D,salinity,-8.523229133304282,40.62883305102926
PT16H,coarse_texture,-7.417802562189756,39.89533333237347
PT16J,coarse_texture,-7.283533187909325,40.51296897477431
RO111,frost_damage,22.208899303247147,46.9413387544802
RO112,frost_damage; gdd,24.519929977383665,47.23633870264822
RO113,frost_damage,23.533299123138544,46.811897838772154
RO114,frost_damage; gdd,23.978889619751815,47.671566240009355
RO121,frost_damage; gdd,23.485203373534752,46.172172610146596
RO122,frost_damage; coarse_texture; gdd,25.301496476717823,45.764836285118236
RO123,frost_damage; gdd,25.98946100624403,45.937588746345895
RO124,frost_damage; gdd,25.55681641851739,46.548378083950674
RO125,frost_damage; coarse_texture,24.694415283533452,46.608431756057165
RO126,frost_damage; coarse_texture,24.242437533001716,45.85855604454736
RO211,frost_damage,26.771835238584664,46.42138778897669
RO212,frost_damage,26.76206801690859,47.858624867837534
RO213,frost_damage,27.284694788373656,47.19867013295273
RO214,frost_damage; gdd,26.373698962133833,46.96946012122302
RO215,frost_damage; gdd,25.746121457369277,47.55265709888863
RO222,frost_damage,26.749680604063244,45.24464071332469
RO226,frost_damage,26.97905752245165,45.787310662784115
RO311,frost_damage; gdd,24.88647012733315,45.0411037130335
RO314,clay_texture,25.880185951264576,44.14263517537891
RO316,frost_damage,26.01507254652411,45.11385887158385
RO317,clay_texture,25.19598221565638,44.0272788117208
RO322,clay_texture,26.146585861206237,44.52154632477109
RO412,frost_damage,23.320895843929577,45.003366208507146
RO415,frost_damage; gdd,24.108798850612526,45.09483745814813
RO422,frost_damage,22.04054410134689,45.15027975176439
RO423,frost_damage; gdd,22.938813406341158,45.751538248483634
RO424,clay_texture,21.375784675358943,45.74436145843892
RS122,soil_depth; clay_texture,20.978193509719464,45.00561036687468
RS126,clay_texture,20.498548087067586,45.46316180895243
RS226,slope; frost_damage,22.558968947378762,43.14469200398517
RS228,soil_depth; frost_damage,22.07198312903681,42.53270293650888
SE110,gdd,18.159373899208827,59.4686613778236
SE121,frost_damage; gdd,17.58505736023452,60.05251827933808
SE122,frost_damage; gdd,16.690395017056126,59.08077994909971
SE123,gdd,15.669404794968678,58.360623925255766
SE124,frost_damage; gdd,14.971762474562425,59.35422638455254
SE125,frost_damage; gdd,16.163245857214232,59.746305077628314
SE211,acidity; gdd,14.405905741302336,57.53202550916781
SE212,acidity; gdd,14.569154193619209,56.79458997998291
SE213,gdd,16.126205338649907,57.18895427714318
SE221,gdd,15.19875126275068,56.27996980486639
SE224,gdd,13.595699621372793,55.9509165882444
SE231,gdd,12.840965857313227,56.95926491072098
SE232,acidity; frost_damage; gdd,12.83704908855361,58.30884416819443
SE311,acidity; frost_damage; gdd,13.154982636027865,59.767572122716324
SE312,acidity; soil_moisture; frost_damage; gdd,14.371017544755738,60.95456315388476
SE313,acidity; frost_damage; gdd,16.300114127966097,61.44109825906797
SE321,acidity; frost_damage; gdd,17.243678785967482,63.09294354992479
SE322,soil_moisture; frost_damage; gdd,14.297600673967723,63.24069419131963
SE331,soil_moisture; frost_damage; gdd,17.874815245818912,64.86150752389364
SE332,soil_moisture; frost_damage; gdd,20.083948385466996,66.93263774936617
SI033,slope; soil_depth; soil_moisture; frost_damage; gdd,15.088142957366484,46.53138771812494
SI035,slope; soil_depth; soil_moisture,14.96908287948967,46.0989845778886
SI038,soil_moisture,14.306277237292807,45.687944807599784
SI041,soil_moisture,14.566338050496038,46.025378119358145
SI042,slope; soil_depth; soil_moisture; frost_damage; gdd,14.139302554192849,46.303836529304974
SI043,slope; soil_depth; soil_moisture,13.778045584884053,46.08917117181173
SI044,soil_depth; soil_moisture,13.88268703679324,45.62221354974743
SK022,frost_damage,18.21308438327033,48.85833361535328
SK031,frost_damage; gdd,19.177431678709457,49.17756811651021
SK032,frost_damage; gdd,19.50351702574405,48.51586294917487
SK041,frost_damage; gdd,21.225126498081487,49.125129624567656
SK042,frost_damage,21.26725190595561,48.69871509569542
TR632,gdd,36.979606623343514,37.887477028972526
UKC12,soil_moisture; gdd,-1.05702984591543,54.54999400722282
UKC14,drainage; soil_moisture; gdd,-1.840005356732674,54.69547730106708
UKC21,drainage; soil_moisture; gdd,-2.069106161387359,55.238124389309824
UKD11,soil_moisture; gdd,-3.2872067257359303,54.5814678249576
UKD12,soil_moisture; gdd,-2.7303552730692813,54.59312191398252
UKD33,soil_moisture,-2.2325644746190036,53.451272046346574
UKD35,drainage; soil_moisture,-2.098734849704268,53.43163413432468
UKD37,drainage; soil_moisture; gdd,-2.158534635032036,53.586503800698004
UKD41,drainage; soil_moisture; gdd,-2.4675093933482968,53.69268961027655
UKD42,soil_moisture,-3.029217996588076,53.817820883230354
UKD44,drainage; soil_moisture; gdd,-2.738111276939762,54.01379611400798
UKD45,drainage; soil_moisture; gdd,-2.5879555240071594,53.85402350050918
UKD46,drainage; soil_moisture; gdd,-2.246888470195659,53.782070412160486
UKD73,soil_moisture,-3.0038722385320673,53.549437479873085
UKE22,gdd,-1.4197295010823632,54.19050489911195
UKE32,drainage; soil_moisture; gdd,-1.5506074586918255,53.40440110865046
UKE41,drainage; soil_moisture; gdd,-1.8545985033682315,53.844719583508294
UKE44,drainage; soil_moisture; gdd,-1.8621378149133263,53.67162735316701
UKE45,drainage,-1.4116300734211242,53.660734300675685
UKF12,drainage,-1.3872740080509394,53.22663961857189
UKF13,soil_moisture; gdd,-1.670360994757109,53.12066076771586
UKJ21,soil_depth,-0.1338168967188932,50.844493002393314
UKJ26,drainage,-0.19178964125200026,51.232128429526426
UKJ28,drainage,-0.2693961107152256,51.01034188496553
UKK30,soil_depth; soil_moisture,-4.8353595848700035,50.40354460428309
UKK41,soil_depth; soil_moisture,-4.118592539595472,50.39193380266967
UKK42,soil_depth; soil_moisture,-3.554168362258641,50.442060602574976
UKK43,soil_depth; soil_moisture,-3.8100856150447573,50.760621649189595
UKL11,soil_moisture,-4.375169159633337,53.28749151197118
UKL12,soil_depth; soil_moisture; gdd,-4.021413693538202,52.89271305244024
UKL13,soil_depth; soil_moisture; gdd,-3.5725414945277945,53.11788127121
UKL14,soil_depth; soil_moisture,-4.33661065632528,51.99972384090167
UKL15,soil_depth; soil_moisture; gdd,-3.4201638682267888,51.66931136910844
UKL16,soil_depth; soil_moisture; gdd,-3.1653448605033874,51.68848551219864
UKL17,soil_depth; soil_moisture,-3.6898840986986694,51.63649320711855
UKL18,soil_moisture,-4.052456808448632,51.6431413712877
UKL21,soil_depth,-2.8892026122733134,51.731770631680575
UKL22,soil_moisture,-3.3411979393963183,51.46515683262399
UKL24,soil_depth; soil_moisture; gdd,-3.4097397775979714,52.323786998161495
UKM50,soil_moisture; gdd,-2.620131605214418,57.238519757483715
UKM61,drainage; acidity; soil_moisture; sandy_texture; om_peat; gdd,-4.5562923062683724,58.03478646201121
UKM62,acidity; soil_moisture; sandy_texture; gdd,-3.9756733761685292,57.30013775021105
UKM63,slope; drainage; acidity; soil_moisture; om_peat; gdd,-5.525563609575827,56.56226492250769
UKM64,drainage; acidity; soil_moisture; om_peat; gdd,-6.859778694014879,57.920682313276046
UKM65,drainage; soil_moisture; gdd,-3.047377288620996,59.02459529339858
UKM66,soil_moisture; gdd,-1.2559448163286564,60.37815079558809
UKM71,gdd,-2.921436486249086,56.7181306066052
UKM72,gdd,-3.1933849245145067,56.220523346956874
UKM73,gdd,-2.8544891218438484,55.90322087889634
UKM75,gdd,-3.2886496609985625,55.924408004708155
UKM76,gdd,-3.797802529996135,55.9954290823496
UKM77,gdd,-3.976472926794849,56.471604993101664
UKM78,gdd,-3.5745620678291075,55.884299222587444
UKM81,gdd,-4.557906023856921,56.048612136488
UKM83,gdd,-4.543735656108305,55.833967287608
UKM84,gdd,-3.948236131811573,55.87495141495394
UKM91,gdd,-2.7885179643877667,55.57612092010987
UKM92,gdd,-3.9630030613493608,55.077688489988304
UKM93,gdd,-4.421205268220343,55.54723352077432
UKM94,gdd,-4.68898379855773,55.26730256229286
UKM95,gdd,-3.8105289695839075,55.61277691430807
UKN10,gdd,-7.360248453771116,54.82031870605022
UKN11,gdd,-6.791847326223437,54.621528837384076
UKN12,gdd,-6.591467402710665,55.06037474141166
UKN15,gdd,-6.1046618341500105,54.87502654308454
UKN16,gdd,-7.503615786189273,54.442205886187246
